장소,자동차정비업체종류,도로명주소,위도,경도,전화번호
일이자동차공업사,3,광주광역시 동구 산수길35번길 36-2(계림동),35.15926313,126.925493,062-226-0862
환영공업사,3,광주광역시 동구 경양로 366(산수동),35.15391124,126.9291328,062-232-6340
붕붕자동차공업사,3,광주광역시 동구 필문대로 239(동명동),35.14955263,126.9297731,062-228-7633
아성자동차공업사,3,광주광역시 동구 지산로 45(지산동),35.14792078,126.932259,062-226-1853
화랑자동차공업사,3,광주광역시 동구 중흥로 198(계림동),35.16064808,126.9152184,062-522-6254
현대자동차 산수점,3,광주광역시 동구 필문대로 112(산수동),35.16058906,126.9300841,062-528-8572
타이어프로 종원카센타,3,광주광역시 동구 남문로 639(소태동),35.12777244,126.9303535,062-228-5454
남일자동차공업사,3,광주광역시 동구 경양로 342(산수동),35.15370772,126.9264288,062-228-0291
도움부분정비공업사,3,광주광역시 동구 천변좌로 666(용산동),35.12485524,126.929689,062-234-9483
2U카모터스,3,광주광역시 동구 중흥로 229(계림동),35.15951827,126.9185737,062-576-2323
대명카센타,3,광주광역시 동구 경양로243번길 25(계림동),35.15903173,126.9188552,062-224-1610
우리카부분정비공업사,3,광주광역시 동구 남문로 594-11(소태동),35.1242477,126.9328228,062-222-8555
광남카써비스,3,광주광역시 동구 밤실로 20(지산동),35.14931152,126.9371612,062-222-1992
광주자동차공업사,3,광주광역시 동구 남문로 617(소태동),35.12604949,126.9311493,062-225-8626
애니카랜드 학동점,3,광주광역시 동구 증심천로33번길 19-1(학동),35.13220873,126.9331542,062-234-5270
스카이모터스,3,광주광역시 동구 무등로 428-2(계림동),35.1578731,126.9282469,062-419-0322
학동카센타,3,광주광역시 동구 남문로622번길 1(소태동),35.1267816,126.9315217,062-226-1688
하이카랜드,3,광주광역시 동구 무등로 426(산수동),35.15803524,126.9280844,062-222-6257
현대자동차공업사,3,광주광역시 동구 천변좌로 692(용산동),35.12261675,126.9305598,062-234-5227
노아자동차정비소,3,광주광역시 동구 의재로 86(소태동),35.13187542,126.9368937,062-233-7077
남선카서비스,3,광주광역시 동구 동계천로 4(대인동),35.15670958,126.9132996,062-223-5336
신호자동차정비,3,광주광역시 동구 천변우로 435(금동),35.14341826,126.9160659,062-234-5959
보리카매니아,3,광주광역시 동구 지호로 18(지산동),35.14846446,126.9309373,062-228-8852
가온카클리닉,3,광주광역시 동구 무등로 408-1(계림동),35.15927115,126.9268101,062-228-5109
에이스모터스,3,광주광역시 동구 무등로 439(산수동),35.15723922,126.9294065,062-523-8297
우주카센타,3,광주광역시 동구 천변좌로 642-1(소태동),35.12701121,126.9295248,062-652-5073
르노코리아자동차서비스코너 산수점,3,광주광역시 동구 필문대로 133(산수동),35.15882672,126.931328,062-268-7788
유앤아이모터스,3,광주광역시 동구 밤실로116번길 1(산수동),35.15776551,126.9356972,062-522-6625
현대정비센타,3,광주광역시 동구 필문대로187번길 19-21(산수동),35.15509686,126.9345359,062-222-5344
만카종합카써비스,3,광주광역시 동구 화산로 346(용산동),35.11963209,126.9317208,062-234-1442
(유)한결자동차서비스,1,광주광역시 동구 소태길 76(소태동),35.12060663,126.9405841,062-234-4940
모아카서비스,3,광주광역시 동구 동명로67번길 14(지산동),35.15212895,126.9272522,062-523-5026
바별카튜닝,3,광주광역시 동구 필문대로 251(동명동),35.14864732,126.9291921,062-366-4785
지산경정비,3,광주광역시 동구 필문대로 219(지산동),35.15110723,126.9309131,062-225-3093
고려자동차공업사,3,광주광역시 동구 중흥로 217(계림동),35.16004748,126.9174054,062-228-2740
오토오아시스홈플러스 계림점,3,광주광역시 동구 무등로 314(계림동),35.16143883,126.9166397,062-236-2731
카복지매장,3,광주광역시 동구 독립로368번길 5(계림동),35.16323045,126.9158392,062-521-3171
신동아3급자동차공업사,3,광주광역시 동구 지호로 24(지산동),35.14823046,126.9315696,062-227-7913
용산카서비스,3,광주광역시 동구 화산로335번길 3(용산동),35.11921315,126.9304705,062-222-6914
매직카용품,3,광주광역시 동구 필문대로 127(산수동),35.1593711,126.9312617,062-266-8989
(유)동화운수,3,광주광역시 동구 남문로 333(월남동),35.10193508,126.9380548,062-234-0156
(유)뉴무등자동차,1,광주광역시 북구 하서로 670(지야동),35.23220044,126.8887328,062-575-6112
(유)동원1급자동차정비,1,"광주광역시 북구 저불로 56, 106동(용봉동)",35.17942085,126.8958244,
(유)신화모터스,1,광주광역시 북구 하서로322번길 24-3(양산동),35.206124,126.8753287,062-571-4545
(주)뉴 중흥자동차공업사,2,"광주광역시 북구 제봉로 277-1, 324동(중흥동)",35.1592171,126.910766,
(주)다온알에스,3,광주광역시 북구 용봉로 77(용봉동),35.1738807,126.911143,062-530-0345
(주)아이타이어 자동차공업사(운암점),3,광주광역시 북구 북문대로 183(운암동),35.18449098,126.870556,062-515-5560
(주)아진자동차정비,2,광주광역시 북구 중가로 42-1(유동),35.15942875,126.9045951,062-527-5147
(주)애니카랜드동광주점,3,광주광역시 북구 면앙로139번길 86(두암동),35.180126,126.9293718,062-266-6161
(주)에스지모터스,1,광주광역시 북구 하서로672번길 8(지야동),35.23273848,126.888664,062-515-1112
(주)케이모터스,1,광주광역시 북구 하서로 652-11(지야동),35.23131722,126.887875,062-575-2089
(합)북광주 현대 서비스,1,"광주광역시 북구 하서로672번길 37, 외 2필지(용전동)",35.23479773,126.8906808,062-576-2323
2U카모터스,3,광주광역시 북구 설죽로 496-7(일곡동),35.20374266,126.8994725,062-261-9444
31모터스,3,광주광역시 북구 우치로 343(삼각동),35.19529726,126.9038217,
CAR TUNE,3,광주광역시 북구 금남로 68-1(유동),35.15783697,126.9031418,
DS모터스포츠,3,"광주광역시 북구 양산택지로 138, 1층 103,104호(본촌동)",35.21719133,126.8801263,062-449-5185
H-모터스,3,광주광역시 북구 설죽로 160(용봉동),35.17413162,126.8959528,
JJ카클리닉,3,광주광역시 북구 비엔날레로 161(용봉동),35.18339421,126.8947849,062-513-7987
MS골드 모터스,3,광주광역시 북구 양산택지로 51번길 15(양산동),35.21106328,126.8783682,062-266-9664
OK공업사,3,광주광역시 북구 서하로 237(오치동),35.18729729,126.9065847,
RECCO R,3,광주광역시 북구 하서로 1116(태령동),35.2502515,126.9273709,
THE GARAGE,3,광주광역시 북구 설죽로 142(용봉동),35.17289698,126.8965249,062-523-8979
T-STATION,3,광주광역시 북구 북문대로 28(운암동),35.17486417,126.8825595,062-511-8979
T-station 광주역점,3,광주광역시 북구 무등로 205(중흥동),35.16532558,126.9061613,062-529-5572
Tstation전남대점,3,광주광역시 북구 용봉로 50(신안동),35.17145896,126.902507,062-430-2002
각화정비검사(주),2,"광주광역시 북구 동문대로266번길 40, 404동(각화동)",35.18424829,126.9372133,062-572-2014
강대원카,3,광주광역시 북구 참판로 154(두암동),35.17141339,126.9336202,062-572-4944
강산모터스,3,광주광역시 북구 연양로95번길 9(양산동),35.20753178,126.8779195,062-572-8833
건국카클리닉,3,광주광역시 북구 하서로 553(본촌동),35.2234926,126.8809658,062-522-0868
경전카공업사,3,광주광역시 북구 무등로262번길 17(중흥동),35.16258838,126.9118654,062-527-2312
계림카센타,3,광주광역시 북구 경양로183번길 18(중흥동),35.16069114,126.9116607,062-266-7610
고려유통,3,광주광역시 북구 설죽로 174(용봉동),35.17520653,126.8966319,062-571-4320
고흥카써비스,3,광주광역시 북구 면앙로 192(두암동),35.17518408,126.932563,062-513-7741
공단카크리닉,3,광주광역시 북구 하서로216번길 2(양산동),35.19448874,126.8773657,
공임나라 운암점,3,광주광역시 북구 비엔날레로 54-6(운암동),35.17665999,126.8891184,
광남자동차공업사,1,광주광역시 북구 하서로 652-7(지야동),35.23148715,126.8875064,062-526-1247
광신자동차정비공업사,2,"광주광역시 북구 무등로111번길 30, 외3필지(신안동)",35.16871887,126.8974235,062-361-7474
광일카센터,3,광주광역시 북구 삼소로 398(월출동),35.24269258,126.8778087,062-528-8966
광주용달협회정비사업부,3,광주광역시 북구 독립로349번길 50(중흥동),35.16287652,126.9124454,062-961-7422
광주카모터스,3,광주광역시 북구 자동차로48번길 50(신안동),35.16273613,126.9040491,062-527-9314
광주카서비스,3,광주광역시 북구 제봉로 302-1(중흥동),35.16147272,126.910444,062-527-9728
광주카서비스,3,광주광역시 북구 중가로 97-4(중흥동),35.15835835,126.9108132,062-512-5850
광주카센타,3,광주광역시 북구 무등로180번길 11(신안동),35.16506938,126.903255,062-531-3111
그린카서비스,3,광주광역시 북구 용봉로 56(신안동),35.17151093,126.9030158,
글로벌모터스,3,광주광역시 북구 양산택지로 40(양산동),35.20983531,126.8800281,
금동현대소형공업사,2,"광주광역시 북구 설죽로 623, 313동 2층(일곡동)",35.21526472,126.8976397,062-529-8601
금오오토자동차공업사,3,광주광역시 북구 용봉로 102(중흥동),35.1723285,126.9077555,062-521-8585
금일카종합센타,3,광주광역시 북구 서암대로132번길 5(신안동),35.16970198,126.8987115,062-526-4480
금호부분정비공업사,3,광주광역시 북구 용봉로 110(중흥동),35.1723614,126.9087519,062-269-4700
금호카월드,3,광주광역시 북구 태봉로 37-6(임동),35.16163709,126.9032478,
기능장모터스,3,광주광역시 북구 북문대로 193(동림동),35.18551435,126.8700526,062-574-0488
기아오토큐양산점,3,광주광역시 북구 하서로 381(양산동),35.20895509,126.8735105,062-523-4646
김스오토케어,3,광주광역시 북구 하남대로 629(동림동),35.17243885,126.8615298,062-265-3211
나의 자동차,3,광주광역시 북구 양산택지로 149(본촌동),35.217213,126.8788369,
남광카센타,3,광주광역시 북구 경양로119번길 10-10(신안동),35.16169696,126.9061374,062-430-2840
남양자동차공업사,3,광주광역시 북구 송해로 10(삼각동),35.19958863,126.9017134,062-652-3456
남일자동차공업사,3,광주광역시 북구 무등로262번길 16(중흥동),35.16275078,126.9114581,
노르딕,3,광주광역시 북구 무등로 272-7(중흥동),35.16272329,126.9129543,062-523-2705
뉴동광카프라자,3,광주광역시 북구 본촌마을길 98(본촌동),35.21974235,126.8795055,062-523-7454
뉴선일공업사,2,광주광역시 북구 무등로262번길 32(중흥동),35.16209753,126.9111593,062-261-8297
뉴오정헤드,3,광주광역시 북구 서림로81번길 11(임동),35.16480161,126.8965211,062-512-3611
다이알자동차공업사,3,광주광역시 북구 금호로 112(운암동),35.17636982,126.8831453,062-266-4783
달구지모터스,3,광주광역시 북구 독립로367번길 15(중흥동),35.16332305,126.9144607,062-526-7928
달구지카사랑,3,광주광역시 북구 군왕로 104(두암동),35.17056742,126.9328761,062-522-1155
달려라경정비,3,광주광역시 북구 경열로212번길 4(유동),35.1582164,126.9064173,
대광공업사,3,광주광역시 북구 우치로275번길 50(오치동),35.18954973,126.9027437,062-261-9060
대광종합카센터,3,광주광역시 북구 버들로 19(유동),35.15817793,126.9094109,062-264-2216
대도모터스,3,광주광역시 북구 무등로 247(중흥동),35.16416914,126.9105729,062-572-3267
대명써비스,3,광주광역시 북구 중가로 82-1(중흥동),35.15846548,126.9089417,062-523-8815
대산카프라자,3,광주광역시 북구 면앙로139번길 22(두암동),35.17743705,126.9278999,062-529-9022
대성모터스 손세차,3,광주광역시 북구 연양로105번길 30(양산동),35.20894616,126.8801506,062-572-0061
대성카센타,3,광주광역시 북구 천지인로 79(오치동),35.18439968,126.9073801,062-523-2994
대승자동차공업사,3,광주광역시 북구 용봉로 38-1(신안동),35.17148286,126.9011949,062-523-0355
대신자동차공업사,3,광주광역시 북구 서암대로131번길 6(신안동),35.17046776,126.8990129,
대양자동차공업사,3,광주광역시 북구 용봉로 42-1(신안동),35.17149906,126.9018272,062-953-8353
대왕자동차정비서비스,3,광주광역시 북구 하서로672번길 18-7(지야동),35.23303324,126.8898689,
대주부분 정비공업사,3,광주광역시 북구 송월로20번길 1(오치동),35.18563052,126.9132683,062-571-0088
대진운수(유),3,광주광역시 북구 하서로 768(용전동),35.23940093,126.8936322,062-521-6355
대창1급자동차공업사,1,광주광역시 북구 모룡대길 2(일곡동),35.21576581,126.9003659,062-262-5232
대한카공업사,3,광주광역시 북구 신임로31번길 33(신안동),35.16668785,126.896693,
대형카정비공업사,3,광주광역시 북구 하서로523번길 10(본촌동),35.2216157,126.8789464,062-526-0198
대흥자동차정비,2,광주광역시 북구 경열로211번길 13(유동),35.15837397,126.9052721,062-521-2366
대흥종합카센타,3,광주광역시 북구 우치로311번길 4(오치동),35.19265397,126.9039505,062-576-1995
더팩토리,3,광주광역시 북구 연양로 17(연제동),35.20648912,126.8693035,062-251-8587
덕창자동차공업사,3,광주광역시 북구 금남로95번길 13(유동),35.15707822,126.9062569,062-263-0133
덕천자동차백화점,3,광주광역시 북구 우치로2번길 3(중흥동),35.16798392,126.9106398,062-574-2840
도영카크리닉,3,광주광역시 북구 연양로95번길 6(양산동),35.20714172,126.8781389,062-513-8889
동광주서비스 주식회사,1,광주광역시 북구 오문로 228(문흥동),35.18948683,126.9295896,062-265-0451
동광주소형자동차정비공업사,2,광주광역시 북구 동문대로266번길 39(각화동),35.18463318,126.9374186,062-525-8852
동광카크리닉,3,광주광역시 북구 양산택지로 123(본촌동),35.21622086,126.8812392,062-573-1751
동림자동차종합정비주식회사,1,광주광역시 북구 유림로 152(동림동),35.17613788,126.8644419,
동명카센타,3,광주광역시 북구 삼정로3번길 31(두암동),35.16340245,126.9347186,062-521-9064
동방카서비스,3,광주광역시 북구 버들로19번길 6(유동),35.15822507,126.9089217,062-529-7130
동성카서비스,3,광주광역시 북구 송해로 29(삼각동),35.2012142,126.9006895,062-266-0101
동신카클리닉,3,광주광역시 북구 서암대로 92-2(신안동),35.17099377,126.8946433,062-526-2523
동신카클리닉,3,광주광역시 북구 용주로 18(용봉동),35.18128271,126.9004543,062-528-2559
동양카브레타,3,광주광역시 북구 서암대로 136-1(신안동),35.16959881,126.8991825,062-261-6444
동일카센타,3,광주광역시 북구 각화대로 8(각화동),35.18128514,126.9316622,062-265-4700
동진 모터스,3,광주광역시 북구 서림로 156-1(임동),35.15903247,126.901394,062-572-2222
동화자동차공업사,2,"광주광역시 북구 독립로367번길 87, 2(중흥동)",35.16433172,126.9106588,062-526-1366
두암동현대자동차,3,광주광역시 북구 면앙로 160(두암동),35.17595683,126.928951,062-265-8535
두암동현대자동차공업사,2,"광주광역시 북구 군왕로181번길 2, 22.23(두암동)",35.17748979,126.9339206,062-528-7009
둘둘종합카센터,3,광주광역시 북구 하서로 326(양산동),35.20413433,126.8738942,
드림카서비스,3,광주광역시 북구 대자실로 26(운암동),35.17909535,126.8745029,062-513-6001
라인카서비스,3,광주광역시 북구 문산로74번길 5(문흥동),35.18783694,126.9254389,062-511-0205
르노삼성자동차서비스코너 북구 신안점,3,광주광역시 북구 서암대로 96(신안동),35.17097083,126.8949068,062-511-9922
르노삼성자동차서비스코너북구점,3,광주광역시 북구 양산택지로 2(양산동),35.2067373,126.8786932,062-529-2765
리도공업사,2,광주광역시 북구 비엔날레로 154-2(용봉동),35.18297414,126.8937022,062-523-1020
마이카서비스,3,광주광역시 북구 비엔날레로 158(용봉동),35.1830117,126.8942905,
마이카서비스,3,광주광역시 북구 서암대로 200(중흥동),35.16800517,126.9058498,062-526-2339
만국자동차정비,3,광주광역시 북구 중가로 82-2(유동),35.15839858,126.9090848,062-529-5872
만덕자동차공업사,3,광주광역시 북구 설죽로202번길 22(용봉동),35.17737359,126.898685,062-525-8420
만석카센타,3,광주광역시 북구 자동차로 25(임동),35.1617737,126.9004203,062-525-1153
맥스모터스,3,광주광역시 북구 연양로 80-1(양산동),35.20650633,126.876252,062-524-9559
명인엔진써비스,3,광주광역시 북구 경양로165번길 9-7(중흥동),35.1609116,126.9090864,
무등카서비스,3,광주광역시 북구 중문로 1(중흥동),35.17306359,126.9180077,062-269-6800
무등카센타,3,광주광역시 북구 서암대로 141(신안동),35.17002762,126.8998774,062-267-2468
무등카센터,3,광주광역시 북구 독립로367번길 30-2(중흥동),35.16373584,126.9139034,062-574-0174
문화카세차장,3,광주광역시 북구 군왕로181번길 6(두암동),35.17758697,126.9337827,062-953-5138
문화카크리닉부분정비공업사,3,광주광역시 북구 동문대로 299(문흥동),35.1887153,126.933634,062-523-8301
미래모터스,3,광주광역시 북구 본촌택지로29번길 32(본촌동),35.2160463,126.8775589,062-571-1184
미래카센터,3,광주광역시 북구 연양로67번길 15(양산동),35.20837422,126.8747776,
미래카크리닉,3,광주광역시 북구 임방울대로 979(신용동),35.21491826,126.864927,062-265-1956
바른카서비스,3,광주광역시 북구 양산제로137번길 26(연제동),35.20462606,126.8698404,062-267-7546
박물관카센타,3,광주광역시 북구 하서로 211(양산동),35.1944617,126.876664,062-528-4647
반디가스앤오일(주),3,광주광역시 북구 운신남길 146(운암동),35.17184147,126.8827491,062-529-3799
반디카클리닉,3,광주광역시 북구 우치로 585(일곡동),35.21648665,126.9022886,062-268-4821
뱅두카샵,3,광주광역시 북구 대천로 63-1(오치동),35.18524624,126.9134836,062-263-5766
보라카센타,3,광주광역시 북구 신임로 16(임동),35.16493829,126.8982648,062-523-9707
뵈뵈카크리닉,3,광주광역시 북구 중흥로 54(임동),35.16457164,126.9002332,062-527-9884
부성카센타,3,광주광역시 북구 부남길15번길 43(문흥동),35.18924475,126.9264522,
부영자동차공업사,3,광주광역시 북구 탁영로 21(두암동),35.16664982,126.9353163,062-269-4949
부현사,3,광주광역시 북구 버들로 3-1(유동),35.15786704,126.9074833,062-521-8572
부흥상사,3,광주광역시 북구 버들로19번길 2-1(유동),35.15822848,126.9090287,062-571-7500
북광주1급자동차공업사,3,광주광역시 북구 하서로 652-7(지야동),35.23148715,126.8875064,062-576-6298
북광주상사,3,광주광역시 북구 삼소로 382(월출동),35.2423062,126.8754503,062-525-9979
북구종합정비마을자동차공업사,1,"광주광역시 북구 설죽로370번길 10-17, 70(오치동)",35.19190167,126.9006766,
북동점현대자동차,3,광주광역시 북구 금재로 56(북동),35.15649528,126.9092953,062-572-7171
북부자동차정비검사장㈜,1,광주광역시 북구 우치로 585-14(일곡동),35.21690503,126.9011473,062-573-1342
붕붕정비업소,3,광주광역시 북구 서방로39번길 84(문흥동),35.17635597,126.9175906,062-574-7422
블랙커스텀,3,광주광역시 북구 태령학림길 7-1(태령동),35.25066071,126.9267606,062-267-2543
빅모터스,3,광주광역시 북구 용두택지로 72(본촌동),35.21704119,126.8791491,062-971-3915
빛고을카,3,광주광역시 북구 용두마을길34번길 26(용두동),35.22172842,126.8766832,062-433-6225
삼각카클리닉,3,광주광역시 북구 송해로 34(삼각동),35.2015607,126.9009339,062-513-8297
삼기카센타,3,광주광역시 북구 효산로20번길 15-9(용봉동),35.18264327,126.9138012,062-265-3395
삼소자동차정비,3,광주광역시 북구 삼소로 159(대촌동),35.235251,126.852361,062-526-5503
삼양자동차공업사,3,광주광역시 북구 양일로305번길 10(일곡동),35.20345282,126.8970529,062-524-5657
삼익카부분정비공업사,3,광주광역시 북구 유림로 146(동림동),35.17561121,126.8643536,
삼일카경정비,3,광주광역시 북구 안산로 50(오치동),35.19166007,126.9021847,062-432-0951
삼화종합카센터,3,광주광역시 북구 버들로 3(유동),35.15773322,126.9074011,
상아모터스,3,광주광역시 북구 유림로 146(동림동),35.17561283,126.8643513,062-527-5613
상아자동차정비,3,광주광역시 북구 운용로 19(운암동),35.17470361,126.8889376,
새마스타밧데리,3,광주광역시 북구 버들로 24(유동),35.15783472,126.9095639,062-522-5836
서림카밧데리에어컨,3,광주광역시 북구 경열로212번길 12(유동),35.15814165,126.9068506,062-523-4658
서부조합카공업사,3,광주광역시 북구 신임로 22-1(신안동),35.16552436,126.8984853,062-572-5560
서일카에어콘,3,광주광역시 북구 무등로 185(신안동),35.16582231,126.9040786,062-572-8572
선명자동차공업사,2,광주광역시 북구 동문대로 291(문흥동),35.18836972,126.9324973,062-525-2332
선영사,3,광주광역시 북구 금재로 7(유동),35.15822225,126.9045605,062-525-5839
선정카센타,3,광주광역시 북구 일곡마을로 178(일곡동),35.21027551,126.8936056,
선진카월드,3,광주광역시 북구 일곡마을로 173(일곡동),35.2105573,126.8930166,062-572-8270
성보카센터,3,광주광역시 북구 서암대로 231(중흥동),35.16760039,126.9091895,062-529-7503
성실카클리닉,3,광주광역시 북구 용주로 33(용봉동),35.18197378,126.9016627,062-527-4590
성심2급카센타,3,광주광역시 북구 중가로 97(중흥동),35.15828449,126.91052,062-529-8313
성원카굿서비스,3,광주광역시 북구 용두택지로 42(용두동),35.214729,126.8777586,062-571-9286
성원카클리닉,3,광주광역시 북구 우치로 272(오치동),35.1889894,126.9057572,
성임카센타,3,광주광역시 북구 중가로 118(중흥동),35.15752183,126.9125901,062-572-1340
세명자동차공업사,3,광주광역시 북구 설죽로 130(신안동),35.17164703,126.8969037,062-523-0806
세영자동차정비공업사,3,광주광역시 북구 비엔날레로 181-1(용봉동),35.18325876,126.8967997,062-268-7488
세진카서비스,3,광주광역시 북구 서암대로 74(신안동),35.17151492,126.8925835,
세화카클리닉,3,광주광역시 북구 양일로 83(양산동),35.198102,126.8742099,062-525-3850
송광카,3,광주광역시 북구 중흥로 52(임동),35.16466615,126.8999628,062-268-7771
송원카세차장,3,광주광역시 북구 참판로 239(각화동),35.17889829,126.9360194,062-524-4842
수성카클리닉,3,"광주광역시 북구 중흥로 171-2, 109동(중흥동)",35.16153887,126.912655,
순창자동차공업사,3,광주광역시 북구 중흥로 151-4(중흥동),35.16227297,126.9106026,062-575-3555
쉐보레 동광주서비스센터주식회사,1,광주광역시 북구 오문로 234(문흥동),35.18946832,126.9303074,
스마일카크리닉,3,광주광역시 북구 본촌택지로 15(본촌동),35.21537321,126.8792995,062-573-2180
스타일 모터스,3,광주광역시 북구 무등로 267(중흥동),35.16365681,126.9126744,062-513-7887
스피드메이트 광주양산점,3,광주광역시 북구 자라봉로 8(양산동),35.20775822,126.8746783,062-527-3963
스피드메이트 일곡점,3,"광주광역시 북구 설죽로471번길 69, 110동(삼각동)",35.20167687,126.8958757,062-261-7474
스피드메이트 첨단2지구점,3,광주광역시 북구 첨단연신로108번길 93(신용동),35.20985284,126.8656502,
스피드메이트광주SKOK점,3,광주광역시 북구 하남대로 691(동림동),35.1721311,126.8683007,062-266-1243
스피드메이트광주역점,3,광주광역시 북구 무등로 218(신안동),35.164411,126.9072674,062-525-4821
스피드메이트으뜸점,3,광주광역시 북구 군왕로 177(두암동),35.17718983,126.9337704,062-521-3134
스피드메이트코끼리점,3,광주광역시 북구 서하로 73(매곡동),35.18765165,126.88851,062-266-7555
승기카센타,3,광주광역시 북구 천지인로115번길 9(오치동),35.18444485,126.9112387,062-572-5229
승리카인테리어,3,광주광역시 북구 중흥로 60(임동),35.16443039,126.9007784,062-511-1228
승진카센터,3,광주광역시 북구 버들로 7-5(유동),35.15827118,126.9079139,062-522-7600
승철카샵,3,광주광역시 북구 송월로20번길 32(오치동),35.18532251,126.9148922,
승호카센타,3,광주광역시 북구 송해로 82-26(일곡동),35.2058705,126.9007011,062-524-6124
시온카오토박스,3,광주광역시 북구 고운로5번길 6(용봉동),35.18218402,126.8991937,
신성자동차공업사,3,광주광역시 북구 서림로 73(임동),35.16478558,126.8960044,062-267-5766
신안카서비스,3,광주광역시 북구 서암대로 118-1(신안동),35.17028098,126.8972773,062-266-1903
신용카브레타,3,광주광역시 북구 서암대로208번길 58(신안동),35.16779475,126.9033969,062-524-5192
신용카크리닉,3,광주광역시 북구 임방울대로 961(신용동),35.21533965,126.8631715,062-267-4653
신우카서비스,3,광주광역시 북구 천지인로 101-1(오치동),35.18419329,126.9097954,062-524-2737
신한자동차공업사,2,광주광역시 북구 자동차로 46(신안동),35.16330945,126.9015416,062-515-5582
신흥카브레타,3,광주광역시 북구 경열로 257(신안동),35.16236488,126.9075538,062-971-5581
쌍둥이자동차공업사,3,광주광역시 북구 효산로 20(용봉동),35.1823559,126.9130259,062-514-5582
쌍용부분정비공업사,3,광주광역시 북구 우치로383번길 14(삼각동),35.1987792,126.9020266,
쌍용서비스프라자용봉코너,3,광주광역시 북구 설죽로 265(용봉동),35.18339153,126.8982925,
쌍용서비스프라자첨단코너,3,광주광역시 북구 삼소로 179(대촌동),35.23594662,126.8543352,062-512-5050
쌍용자동차 중흥서비스프라자,3,광주광역시 북구 무등로262번길 61(중흥동),35.1606252,126.9109709,
쌍용자동차각화서비스프라자,3,광주광역시 북구 각화대로 53(각화동),35.18077704,126.9366244,062-524-2826
썬카클리닉,3,광주광역시 북구 서하로 285(오치동),35.18715864,126.9117237,062-513-1812
아시아2급자동차정비공업사,2,"광주광역시 북구 무등로137번길 22-5, 17(신안동)",35.16818071,126.8996262,062-525-2229
아우토랩,3,광주광역시 북구 하서로241번길48(양산동),35.197568,126.875531,062-572-7784
아이엠모터스,3,광주광역시 북구 하서로 570-6(본촌동),35.22433168,126.8828325,062-526-4253
아천자동차공업사㈜,2,광주광역시 북구 북문대로 25(운암동),35.17410004,126.8823215,062-262-2401
안전카서비스,3,광주광역시 북구 용주로 46(용봉동),35.18227979,126.9028958,062-523-0727
안전카서비스,3,광주광역시 북구 자산로 97(신안동),35.16694805,126.9021976,062-572-0605
알파자동차공업사,3,광주광역시 북구 버들로 6(북동),35.15774165,126.9078196,062-572-4982
알파카정비,3,광주광역시 북구 우치로275번길 38(오치동),35.18950261,126.9033382,062-572-5719
애니카랜드양산점,3,광주광역시 북구 양산택지로 137(본촌동),35.21690465,126.879894,062-572-3592
애니카랜드중흥점,3,광주광역시 북구 경열로 258(중흥동),35.16224129,126.9082533,062-430-3100
양산자동차서비스,2,광주광역시 북구 하서로322번길 24-7(양산동),35.20632978,126.8753118,062-269-8643
양산카클리닉,3,광주광역시 북구 연양로 48(양산동),35.20624554,126.8726602,062-381-1113
양지카센타,3,광주광역시 북구 연양로 78(양산동),35.20652507,126.8758872,
어울림카센타,3,광주광역시 북구 금남로 25(임동),35.15963279,126.8991143,062-262-5551
에이원오토,3,광주광역시 북구 천지인로 113(오치동),35.18409748,126.9111383,062-515-8272
에이젯모터스,3,광주광역시 북구 참판로 73(두암동),35.16469745,126.9319729,062-527-2355
엔젤카센타,3,광주광역시 북구 용주로 32(용봉동),35.18174061,126.9015732,062-512-9639
엔진마을북구점,3,광주광역시 북구 서하로 268(오치동),35.18686127,126.9098629,062-269-0120
엘.에이.모터스,3,광주광역시 북구 독립로367번길 12(중흥동),35.16353747,126.9146965,062-522-1524
엘림카서비스,3,광주광역시 북구 무등로 252(중흥동),35.16349605,126.9107552,062-522-2239
엘피지카,3,광주광역시 북구 중흥로 131(중흥동),35.1626298,126.9085152,
영수카센타,3,광주광역시 북구 평교로6번길 19(우산동),35.1778008,126.9254532,062-526-5255
영진자동차공업사,3,광주광역시 북구 반룡로 15-1(용봉동),35.17937364,126.8997986,062-525-1737
영진카텍공업사,3,광주광역시 북구 자산로 52(신안동),35.16788519,126.8972955,062-524-0014
오일카서비스,3,광주광역시 북구 서하로 451(문흥동),35.18228595,126.928449,062-267-8741
오정공업사,3,광주광역시 북구 신임로31번길 32(신안동),35.16691357,126.8969251,062-952-3677
오정모터스,3,광주광역시 북구 서림로81번길 25(임동),35.16539037,126.8967221,
오정밋션,3,광주광역시 북구 설죽로251번길 42-8(용봉동),35.18250174,126.8964169,062-511-0837
오치카센터,3,광주광역시 북구 우치로 255(오치동),35.18766921,126.9049858,062-512-0049
오토마트공업사,1,광주광역시 북구 하서로 648(지야동),35.23028611,126.8866489,062-250-8086
오토맥스부분정비,3,광주광역시 북구 자동차로 10(임동),35.16032019,126.9003377,
오토뱅크부분정비업소,3,광주광역시 북구 설죽로 264(용봉동),35.18314241,126.8989621,062-571-0189
오토오아시스 클릭점,3,"광주광역시 북구 하남대로 743, 104동(운암동)",35.17204575,126.8740756,062-573-1210
오토오아시스 홈플러스 동광주점,3,"광주광역시 북구 동문대로 200, 3층(두암동)",35.17934165,126.9304166,062-575-2089
오토오아시스양산점,3,광주광역시 북구 연양로67번길 35(양산동),35.20984224,126.8753756,062-571-0737
오토오아시스일곡점,3,광주광역시 북구 일곡택지로 79(일곡동),35.20886047,126.8941125,
오토카정비코너,3,광주광역시 북구 양일로 51-3(연제동),35.19824447,126.8703348,062-523-5513
용두자동차공업사,2,광주광역시 북구 하서로 419(용두동),35.21224911,126.8738906,062-511-4100
용두카공업사,3,광주광역시 북구 용두택지로 38(용두동),35.214237,126.8774545,062-526-7740
용봉자동차공업사,3,광주광역시 북구 용주로 62(용봉동),35.18292842,126.9045014,
용봉점 기아오토큐,3,광주광역시 북구 비엔날레로 192(용봉동),35.18283368,126.8980723,062-263-3656
용주카크리닉,3,광주광역시 북구 고운로 5(용봉동),35.18205737,126.8991829,062-521-2450
우리모터스,3,광주광역시 북구 삼소로 181(대촌동),35.23602469,126.854573,062-262-9971
우리자동차정비,2,광주광역시 북구 동문대로 214(각화동),35.18112609,126.9307741,062-524-1379
우리카센타,3,광주광역시 북구 서하로 307-1(오치동),35.1871346,126.9142694,062-261-9420
우산카크리닉,3,광주광역시 북구 서양로 126(중흥동),35.16794436,126.9145343,062-382-2279
우산카클리닉,3,광주광역시 북구 우치로 160(용봉동),35.18155439,126.9115006,062-523-3858
우영자동차공업사,3,광주광역시 북구 문산로74번길 38(문흥동),35.18675645,126.9267156,062-526-3297
우정자동차공업사,3,광주광역시 북구 문화소통로 264(우산동),35.18116138,126.9226698,
운암점현대자동차,3,광주광역시 북구 북문대로 177(운암동),35.1840712,126.8707352,
운암카센타,3,광주광역시 북구 북문대로 160(운암동),35.18295642,126.872289,062-523-1020
원카부분정비공업사,3,광주광역시 북구 경양로 104-21(임동),35.16192595,126.902646,062-261-3332
월드카서비스,3,광주광역시 북구 우치로264번길 10(오치동),35.18815023,126.9059878,062-522-6096
월드카센타,3,광주광역시 북구 금남로 1(임동),35.16050701,126.8965347,062-511-2258
월드카센타,3,광주광역시 북구 양산로 77(양산동),35.20997307,126.8828209,
유)문화자동차공업사,2,광주광역시 북구 동문대로 294-7(각화동),35.18780875,126.9351958,
유동밧데리,3,광주광역시 북구 버들로 17(유동),35.1580619,126.9090046,062-523-8599
유동카센타,3,광주광역시 북구 금재로 15-1(유동),35.15796195,126.9054963,062-511-0097
유로모터스,3,광주광역시 북구 무등로 116(신안동),35.16726619,126.8967211,062-262-6785
유성자동차공업사,1,"광주광역시 북구 우치로 585-12, 106동(일곡동)",35.21688526,126.901882,062-523-4972
유신카정비센타,3,광주광역시 북구 제봉로324번길 12(중흥동),35.1630443,126.9102878,
유진상사,3,광주광역시 북구 서림로 81(임동),35.16424239,126.8965988,062-526-2266
유황카센타,3,광주광역시 북구 우치로 275-1(오치동),35.1895414,126.9053113,062-527-8297
으뜸카센타,3,광주광역시 북구 서암대로 128-1(신안동),35.16991448,126.8983343,062-262-4020
은혜카센타,3,광주광역시 북구 우치로 383번길 7(삼각동),35.19856677,126.9026081,
이레카센타,3,광주광역시 북구 연양로7번길 36(연제동),35.20789456,126.8682721,062-524-9420
이륙자동차공업사,3,광주광역시 북구 어매마을길 15(매곡동),35.19047429,126.8948145,062-511-1555
이정카센타,3,광주광역시 북구 군왕로130번길 2(두암동),35.1726601,126.9330384,062-574-6060
이카루스,3,광주광역시 북구 동운로 98-13(동림동),35.17431772,126.8635096,062-573-8572
이한모터스㈜,1,광주광역시 북구 서암대로143번길 20(신안동),35.17121546,126.9007878,062-515-1010
인우자동차써비스,3,광주광역시 북구 동운로 180-1(운암동),35.17320018,126.8700372,062-575-8504
인치업매니아,3,광주광역시 북구 서암대로 24(운암동),35.17246697,126.8873596,062-268-8772
일곡자동차정비,1,광주광역시 북구 설죽로 623(일곡동),35.21526472,126.8976397,062-575-0739
일곡점기아오토큐,3,광주광역시 북구 설죽로471번길 9(삼각동),35.20081596,126.8983907,
일곡점현대자동차,3,광주광역시 북구 일곡택지로 69-1(일곡동),35.20802921,126.8940701,
일급카센터,3,광주광역시 북구 문산로74번길 39(문흥동),35.18701659,126.927023,062-525-5887
일동자동차정비,3,광주광역시 북구 일곡택지로53번길 26(일곡동),35.20655156,126.8926697,062-261-2036
일등자동차공업사,3,광주광역시 북구 중가로 91-21(중흥동),35.15918156,126.9100912,062-521-5845
일등카센타,3,광주광역시 북구 용주로 72(용봉동),35.18326483,126.9054522,
일주카크리닉,3,광주광역시 북구 하서로 570-6(본촌동),35.22433168,126.8828325,062-522-0286
일진카센타,3,광주광역시 북구 자산로 39(신안동),35.16844497,126.8960694,062-575-7186
자동차나라,3,광주광역시 북구 설죽로202번길 42(용봉동),35.17711884,126.899847,062-529-8461
자모자동차부분정비공업사,3,광주광역시 북구 우치로 7(중흥동),35.1683836,126.9101749,062-574-0020
장성카센타,3,광주광역시 북구 비엔날레로 183(용봉동),35.18321478,126.8973406,062-529-2002
재석자동차공업사,3,광주광역시 북구 무등로 155(신안동),35.16672012,126.9010134,062-523-7028
재홍상사,3,광주광역시 북구 중흥로 69(신안동),35.1643485,126.9020551,062-267-8090
전국택시복지정비센타,3,광주광역시 북구 양산택지로 139(본촌동),35.21697106,126.8797829,062-527-5676
전남보링공업사,4,광주광역시 북구 경양로183번길 33(중흥동),35.16141928,126.911559,062-526-8886
전방오토㈜,3,광주광역시 북구 경양로 9(임동),35.16150476,126.893349,062-268-4626
전일카,3,광주광역시 북구 군왕로 98-1(두암동),35.16999948,126.9328827,062-251-3960
전일카세차장,3,"광주광역시 북구 용주로30번길 36, 118동(용봉동)",35.18067262,126.902832,062-522-6517
전조종합카센타,3,광주광역시 북구 문산로74번길 35(문흥동),35.18712193,126.9268284,062-529-0852
정나누미공업사,3,광주광역시 북구 용봉로 104(중흥동),35.17228774,126.9080162,062-529-0852
정상카센타,3,광주광역시 북구 대천로169번길 8-7(문흥동),35.18971742,126.9224068,062-266-2951
정훈카서비스센타,3,광주광역시 북구 서암대로 94(신안동),35.17098918,126.8947634,
정희카센타,3,광주광역시 북구 하서로 570-6(본촌동),35.22433168,126.8828325,062-529-7224
정희카클리닉,3,광주광역시 북구 하서로 535(본촌동),35.22187295,126.8802205,062-266-8063
제일캠바부분,3,광주광역시 북구 신촌로23번길 35(오치동),35.189134,126.9102829,062-264-6843
조합카센타,3,광주광역시 북구 하서로 575(본촌동),35.2250126,126.8820376,062-571-4575
종금부분정비공업사,3,광주광역시 북구 신임로 14(임동),35.16483324,126.8982119,062-971-0243
종남부분경정비,3,광주광역시 북구 송월로39번길 11(오치동),35.18735242,126.912578,062-515-0997
종합카서비스,3,광주광역시 북구 신촌로23번길 23(오치동),35.18916147,126.9108876,062-261-8801
좋은카서비스,3,광주광역시 북구 하서로 441(용두동),35.21422284,126.8754129,062-265-7979
㈜금광공사,1,광주광역시 북구 불태1로 8(대촌동),35.23736261,126.8562787,062-528-7200
㈜대성종합자동차공업사,1,"광주광역시 북구 자산로 91, 4,5,10(신안동)",35.16707727,126.9014922,062-576-4979
㈜대창운수,1,광주광역시 북구 첨단과기로 240(오룡동),35.22776936,126.8516276,062-573-7000
㈜동광주자동차검사장,1,"광주광역시 북구 동문대로 297, 외1필지(문흥동)",35.18841785,126.9334681,062-513-0211
㈜동양오토넷,3,광주광역시 북구 비엔날레로 191(용봉동),35.18320652,126.8981274,062-572-0061
㈜본촌자동차공업사,2,광주광역시 북구 양산택지로37번길 47(양산동),35.21019426,126.8752426,062-571-7968
㈜세원,3,광주광역시 북구 군왕로 65(두암동),35.16706972,126.9322645,062-522-7310
주식회사대왕자동차공업사,1,광주광역시 북구 하서로672번길 18-9(지야동),35.23325656,126.8902337,062-251-2291
㈜신현대자동차공업사,1,광주광역시 북구 우치로 840(용전동),35.23742832,126.8935108,062-269-3799
㈜에이엠특장,1,광주광역시 북구 추암로 225(월출동),35.23606574,126.8670703,062-267-4566
㈜영진1급자동차정비소,1,광주광역시 북구 경양로 88(임동),35.16229595,126.9018604,062-267-5929
㈜웅신1급자동차공업사,1,광주광역시 북구 동문대로249번길 11(문흥동),35.18375798,126.9304939,062-363-5406
㈜제일카넷,3,광주광역시 북구 독립로367번길 12(중흥동),35.16353747,126.9146965,062-525-0625
준오토클리어,3,광주광역시 북구 서하로 286-4(오치동),35.18668355,126.9116108,062-528-8589
중봉자동차정비공업사,3,광주광역시 북구 저불로69번길 11(용봉동),35.18056888,126.8941232,062-528-6914
중앙카공업사,3,광주광역시 북구 경양로 103(신안동),35.16223143,126.9034474,062-522-1736
중앙카서비스센타,3,광주광역시 북구 천지인로 59(오치동),35.18449328,126.9053259,062-522-7736
중흥점기아오토카,3,광주광역시 북구 무등로 285(중흥동),35.16314079,126.9145777,062-265-7066
중흥카서비스,3,광주광역시 북구 신임로31번길 38(신안동),35.1669237,126.8965468,062-574-8002
중흥현대자동차공업사,1,광주광역시 북구 제봉로324번길 32-4(중흥동),35.16307567,126.9107766,
진성메탈,3,광주광역시 북구 버들로19번길 2(유동),35.15818814,126.9092015,062-572-9400
차를좋아하는사람들,3,광주광역시 북구 군왕로 216(각화동),35.17971078,126.9367027,062-574-9420
차박사카센타,3,광주광역시 북구 설죽로315번길 37(매곡동),35.18880754,126.8946496,062-528-0041
차차차 모터스,3,광주광역시 북구 호동로 63(문흥동),35.177261,126.9179325,
천성자동차공업사,2,광주광역시 북구 동문대로266번길 37(각화동),35.18474424,126.9370974,062-529-2002
청명자동차공업사,3,광주광역시 북구 서하로 263(오치동),35.18722717,126.9093235,
청솔카클리닉,3,광주광역시 북구 일곡마을로 5-1(일곡동),35.20609464,126.9004439,062-971-3340
청송카센터,3,광주광역시 북구 중흥로 57-2(신안동),35.16470707,126.9007348,062-515-3322
청정카경정비,3,광주광역시 북구 서하로 98(매곡동),35.1871817,126.8912104,062-265-2900
친구 카센타,3,광주광역시 북구 거진길 152(용두동),35.2228598,126.8731979,062-527-4148
카매니저,3,광주광역시 북구 삼소로 151(대촌동),35.23494883,126.851373,062-574-6101
카베스트공업사,3,광주광역시 북구 무등로 114(신안동),35.1672006,126.8963418,
카스코자동차공업사,2,광주광역시 북구 동문대로266번길 43(각화동),35.18463541,126.9377238,062-572-7196
카프랜드,3,광주광역시 북구 용주로 49(용봉동),35.1826062,126.90327,062-574-5134
타이어팩토리 자동차공업사,3,광주광역시 북구 하서로 231(양산동),35.19607911,126.8761478,062-528-8787
태성카클리닉,3,광주광역시 북구 두리봉길 50(각화동),35.17986499,126.9329943,
태화카센타,3,광주광역시 북구 우치로383번길 6(삼각동),35.19883359,126.9027522,062-266-7743
태흥카크리닉,3,광주광역시 북구 무등로 258(중흥동),35.16334128,126.9114836,062-522-0079
택시오토밋션,3,광주광역시 북구 하서로 570-6(본촌동),35.22433168,126.8828325,062-267-2700
토탈카서비스,3,광주광역시 북구 중문로 82(우산동),35.17982522,126.9208603,
투앤포휠,3,광주광역시 북구 독립로367번길 59(중흥동),35.16392022,126.9122265,062-525-6508
티스테이션대성밧데리,3,광주광역시 북구 동문대로 296(각화동),35.18804403,126.9340721,062-366-5863
티스테이션신양산점,3,광주광역시 북구 연양로 93(양산동),35.20679408,126.8777087,062-266-8285
티스테이션일곡점,3,광주광역시 북구 설죽로 402(삼각동),35.19497724,126.900091,062-266-6288
평화카센터,3,광주광역시 북구 용주로 68(용봉동),35.18308911,126.9051671,062-268-4747
푸른자동차공업사,3,광주광역시 북구 용봉택지로 14(용봉동),35.17854606,126.8878267,062-512-4739
풍림카써비스,3,광주광역시 북구 문화소통로 59(오치동),35.18390003,126.9005147,062-264-3966
풍향점기아오토큐,3,광주광역시 북구 필문대로 105(풍향동),35.16138308,126.930408,062-528-8166
프랜드부분정비공업사,3,광주광역시 북구 서하로 316(오치동),35.18664742,126.9151588,062-941-1676
프로미 북구점,3,광주광역시 북구 서하로 265-1(오치동),35.18740374,126.909666,062-522-5224
프로부분정비공업사,3,광주광역시 북구 송해로 48-2(삼각동),35.20262583,126.9004992,062-525-2088
프로자동차공업사,3,광주광역시 북구 문화소통로 254(우산동),35.1811519,126.9215165,
프로카모터스,3,광주광역시 북구 고운로 52(용봉동),35.18326217,126.9039083,062-523-2277
하나모터스,3,광주광역시 북구 경양로 65-1(임동),35.16324686,126.8995194,
하나정비,3,광주광역시 북구 중가로 96(중흥동),35.15814114,126.9103568,062-528-0805
하나카서비스,3,광주광역시 북구 설죽로 267(용봉동),35.18351862,126.8981901,062-264-8063
하남카세차장,3,광주광역시 북구 무등로137번길 1(신안동),35.16726617,126.8988338,062-515-8255
하이카서비스 임동점,3,광주광역시 북구 자동차로 63(신안동),35.16506304,126.9016518,062-431-8255
하종남카클리닉,3,광주광역시 북구 우치로 49(중흥동),35.17194707,126.9117034,062-515-0678
한결카크리닉,3,광주광역시 북구 동문대로186번길 14(두암동),35.17851796,126.9302109,062-521-3790
한국자동차공업사,3,광주광역시 북구 송월로 54(오치동),35.18853568,126.9136511,062-524-1082
한국지엠북구바로서비스,3,광주광역시 북구 무등로 130(신안동),35.16696592,126.8979675,
한국지엠용봉바로서비스,3,광주광역시 북구 우치로331번길 2(삼각동),35.1944557,126.9037392,062-267-7222
한길카센타,3,광주광역시 북구 동운로 211(운암동),35.17446663,126.8732223,062-263-5052
한비카서비스,3,광주광역시 북구 운용로 97-1(용봉동),35.17690778,126.8966645,062-529-8600
한빛자동차정비,3,광주광역시 북구 참판로 209-1(두암동),35.17657309,126.9343756,
한성1급자동차공업사,1,광주광역시 북구 하서로672번길 18-10(지야동),35.23257804,126.8895512,062-522-1088
한신카센타,3,광주광역시 북구 각화대로 18(각화동),35.1811947,126.9327294,062-464-7805
한일카서비스,3,광주광역시 북구 우치로 275(오치동),35.189452,126.905359,
한진모터스,2,광주광역시 북구 경양로 166(중흥동),35.16015564,126.909823,062-529-3319
한진카모터스,3,광주광역시 북구 경양로 164(중흥동),35.1602483,126.9095753,
해태타이어자동차공업사,3,광주광역시 북구 금남로95번길 9(유동),35.15699062,126.9061524,062-269-0006
핸드카크리닉,3,광주광역시 북구 군왕로 186(두암동),35.1775934,126.9345012,062-574-8572
현대모터스,3,광주광역시 북구 탁영로 21-14(두암동),35.16675066,126.9356034,062-572-8504
현대문짝카센타,3,광주광역시 북구 중흥로 38-1(임동),35.16500185,126.8986005,062-251-8272
현대바로바로카서비스,3,광주광역시 북구 설죽로440번길 11(삼각동),35.19872282,126.9013063,062-523-8205
현대오토랜드,3,광주광역시 북구 우치로 300(오치동),35.19151227,126.9052777,
현대자동차삼각점,3,광주광역시 북구 설죽로 438(삼각동),35.19823996,126.9001987,062-531-7777
현대자동차양산점,3,"광주광역시 북구 하서로 353, 외 274-92번지(양산동)",35.20665768,126.8731254,062-265-8272
현대자동차오치점,3,광주광역시 북구 서하로 304(오치동),35.18669434,126.9137013,062-572-7784
현대자동차㈜용봉점,3,광주광역시 북구 설죽로 223(용봉동),35.17957288,126.8975803,
현대자동차중앙서비스(주),2,광주광역시 북구 군왕로 267(각화동),35.18416555,126.937737,062-251-4949
현자동차서비스,3,광주광역시 북구 양산택지로 114(본촌동),35.215944,126.882581,062-576-8204
호남카센타,3,광주광역시 북구 반룡로 5(용봉동),35.1796273,126.898688,062-521-3418
호남카정비,3,광주광역시 북구 천변우로257번길 36(누문동),35.155819,126.9046916,062-514-6402
호전카센타,3,광주광역시 북구 우치로27번길 56(중흥동),35.17094322,126.9081791,062-511-1891
황소카부분정비공업사,3,광주광역시 북구 하서로 436(용두동),35.213643,126.8755852,062-575-2278
휘경자동차공업사,2,광주광역시 북구 자미로14번길 18(신안동),35.167018,126.9037258,062-515-2700
흥진종합카센타,3,광주광역시 북구 서림로 124(임동),35.160831,126.898615,062-521-6014
힐링카모터스,3,광주광역시 북구 용주로 61(용봉동),35.18313429,126.9043875,
삼삼1급자동차써비스,1,광주광역시 서구 내방로 245(쌍촌동),35.15785284,126.8703746,
명문1급자동차공업사,1,광주광역시 서구 화운로 224(화정동),35.15920568,126.8772748,
(유)승민자동차1급공업사,1,광주광역시 서구 내방로 249(쌍촌동),35.15785284,126.8703746,
우경자동차공업사,3,광주광역시 서구 군분2로 31-3(화정동),35.15560616,126.8808323,
동성카센타,3,광주광역시 서구 화정동 75번지 60호,35.15723876,126.8780222,
설카센타,3,광주광역시 서구 화정로 68(쌍촌동),35.14431912,126.8641636,
동아카센타,3,"광주광역시 서구 군분로 213, 505동(농성동)",35.14994988,126.8832693,
동호부분정비공업사,3,광주광역시 서구 발산로 9(농성동),35.15651375,126.8923114,
장반장하이테크카센터,3,광주광역시 서구 풍암순환로188번길 13(풍암동),35.12784513,126.8829782,
빛고을카센터,3,광주광역시 서구 상무대로 897(쌍촌동),35.15105029,126.8600863,
우리카센타,3,광주광역시 서구 풍암운리로11번길 11(풍암동),35.1236029,126.8648788,
꿀벌자동차공업사,3,광주광역시 서구 화운로 109(화정동),35.15930569,126.8773463,
현대카월드,3,광주광역시 서구 화정동 23번지 49호,35.15791402,126.8789129,
내방점현대자동차,3,광주광역시 서구 상무대로 991-1(내방동),35.15199519,126.8705213,
치평공업사,1,광주광역시 서구 천변좌하로 260(치평동),35.15950942,126.8433838,
준카매니아,3,광주광역시 서구 농성동 392번지 0호,35.1582443,126.8844292,
평화카센터,3,광주광역시 서구 천변좌로 14(광천동),35.16647716,126.884778,
마재카부분정비,3,광주광역시 서구 화개중앙로16번길 4(금호동),35.12316918,126.8599588,
운천자동차정비,3,광주광역시 서구 상무대로 758(마륵동),35.14527065,126.8465481,
명성카센타,3,광주광역시 서구 쌍촌동 1342번지 0호,35.16103069,126.8641512,
드림카센타,3,광주광역시 서구 농성동 661번지 4호,35.15006065,126.8864943,
화정점기아오토큐,3,광주광역시 서구 월드컵4강로 126-4(쌍촌동),35.14751204,126.8721087,
신청사경정비,3,광주광역시 서구 천변좌하로 168(치평동),35.15417114,126.8365669,
진성카써비스,3,광주광역시 서구 화개2로 16(금호동),35.12392103,126.8584343,
전일자동차정비,3,광주광역시 서구 무진대로 962(농성동),35.16073678,126.8855258,
고바우카크리닉,3,광주광역시 서구 군분로 174(농성동),35.1474909,126.8864086,
붕붕카센타,3,광주광역시 서구 금호운천길 45(금호동),35.13918516,126.8569047,
LG금호카,3,광주광역시 서구 운천로 107(쌍촌동),35.14284315,126.8576877,
오토카랜드자동차공업사,3,광주광역시 서구 풍암신흥로62번길 8(풍암동),35.1222559,126.8693041,
대성카브레타,3,광주광역시 서구 상일로14번길 14-16(쌍촌동),35.15604024,126.8644948,
(주)대명크린,1,광주광역시 서구 매월1로 50-4(매월동),35.1111644,126.8553541,
금탑소형자동차공업사,2,광주광역시 서구 칠성로 93(유촌동),35.1664042,126.8676044,
금호정비마을,3,광주광역시 서구 풍금로 75(금호동),35.12411521,126.8599127,
화정카클리닉,3,광주광역시 서구 화운로33번길 7(화정동),35.1430372,126.8833745,
코리아카부분정비공업사,3,광주광역시 서구 매월동 320번지 14호,35.12797196,126.8454861,
매직카,3,광주광역시 서구 군분로 224(농성동),35.1509097,126.8827623,
평원소형자동차공업사,2,광주광역시 서구 화개중앙로 92(금호동),35.12693415,126.8529614,
예스카월드,3,광주광역시 서구 군분로 21-2(화정동),35.14961487,126.8840859,
오뚜기카서비스,3,광주광역시 서구 풍암신흥로 7-11(풍암동),35.12157925,126.8672875,
토탈카크리닉,3,광주광역시 서구 화운로 106(화정동),35.14900029,126.8795948,
청운카센터,3,광주광역시 서구 천변좌하로626번길 2-2(광천동),35.16917069,126.8787367,
대성카센타,3,광주광역시 서구 농성동 155번지 9호,35.15092614,126.8924199,
상무카센타,3,광주광역시 서구 내방로 41(치평동),35.15900624,126.8454434,
365카정비나라,3,광주광역시 서구 풍암신흥로50번길 43(풍암동),35.124337,126.8701348,
믿음차경정비,3,광주광역시 서구 화정로 25-1(쌍촌동),35.14467895,126.8602409,
스피드메이트 광주월드컵점,3,광주광역시 서구 금화로 385-3(화정동),35.13625586,126.8665359,
스피드메이트 DJ점,3,광주광역시 서구 상무대로 699(마륵동),35.14310542,126.8406747,
드림카랜드,3,광주광역시 서구 화정로179번길 14(화정동),35.14655632,126.8769395,
매월카도우미,3,광주광역시 서구 매월동 109번지 8호,35.11992696,126.8583364,
쌍용자동차상무써비스프라자,3,광주광역시 서구 마륵동 170번지 71호,35.14328966,126.8420328,
카프랜드,3,광주광역시 서구 상일로 6(쌍촌동),35.15602842,126.8632328,
단지카센타,3,광주광역시 서구 매월동 663번지 10호,35.1099379,126.8572031,
카젠,3,광주광역시 서구 상무대로695번길 1-14(마륵동),35.14293052,126.8396697,
신상무부분정비공업사,3,광주광역시 서구 운천로 166-1(쌍촌동),35.14746977,126.8570005,
MOTORTOOL,3,광주광역시 서구 화운로199번길 27(내방동),35.15688645,126.8750197,
성실카써비스,3,광주광역시 서구 화개1로1번길 28(금호동),35.12617832,126.8531036,
송원카크리닉,3,광주광역시 서구 금호운천길 45(금호동),35.13918516,126.8569047,
서광주휴게소카센타,3,광주광역시 서구 풍서우로 172(벽진동),35.128834,126.8432467,
피스엘모터스,3,광주광역시 서구 경열로 54(농성동),35.15042673,126.8920206,
세종모터스,3,광주광역시 서구 회재로 757(매월동),35.11497539,126.8503863,
우리카클리닉,3,광주광역시 서구 회재유통길 51(매월동),35.11393916,126.8513772,
하나카센타,3,광주광역시 서구 매월1로62번길 11(매월동),35.11153741,126.8595502,
마태오카센타,3,광주광역시 서구 농성동 449번지 9호,35.16064881,126.8881174,
웰빙카써비스,3,광주광역시 서구 양동로 47(양동),35.15726763,126.8978878,
정비마을,3,"광주광역시 서구 매월1로 18, 108동 109호(매월동)",35.11423711,126.8552454,
상무형제카,3,광주광역시 서구 내방로 102(치평동),35.15654984,126.8516025,
몬스터팩토리,3,광주광역시 서구 매월동 178번지,35.12204074,126.8569026,
푸른카정비,3,광주광역시 서구 매월동 482번지 4호,35.11321521,126.8501258,
3급대한카클리닉,3,광주광역시 서구 회재유통길 38(매월동),35.11290629,126.8498669,
예스자동차서비스,2,광주광역시 서구 매월1로62번길 14(매월동),35.11039423,126.8597197,
하정오토미션,1,광주광역시 서구 풍서우로 148(매월동),35.12754343,126.8459241,
선진카센타,3,광주광역시 서구 군분로 172(농성동),35.14731135,126.8864878,
대한카클리닉,3,광주광역시 서구 회재유통길 38(매월동),35.11290629,126.8498669,
차카(chaka),3,광주광역시 서구 화운로 117(화정동),35.14968934,126.8784769,
(유한)쓰리피모터스,3,광주광역시 서구 상무대로 957(쌍촌동),35.15180667,126.8667376,
바로바로 카 서비스,3,광주광역시 서구 풍서좌로 115(매월동),35.12252682,126.8558756,
백제카센터,3,광주광역시 서구 매월1로62번길 44(매월동),35.10918591,126.8596707,
카존,2,광주광역시 서구 매월1로62번길 29(매월동),35.11017448,126.8602443,
푸조서비스센터,3,광주광역시 서구 죽봉대로 27(화정동),35.15572422,126.8828831,
기아㈜광주서비스센타,1,광주광역시 서구 죽봉대로 36(농성동),35.1558843,126.8836273,
터미널정비공장,2,광주광역시 서구 화운로220번길 4(화정동),35.1582428,126.8774267,
㈜무등공업사,2,광주광역시 서구 무진대로 967-1(광천동),35.16155331,126.8864916,
아이비코어(주),2,광주광역시 서구 상무대로 1096(농성동),35.15238972,126.8819738,
하진1급자동차공업사,1,광주광역시 서구 상무누리로 133(치평동),35.15502467,126.8381571,
남경자동차공업사,3,광주광역시 서구 화정로21번길 4-32(쌍촌동),35.14490689,126.8614778,
한솔자동차공업사,3,광주광역시 서구 화개1로 5(금호동),35.12482829,126.8542745,
애니카랜드 농성점,3,광주광역시 서구 대남대로 453(농성동),35.15052629,126.8861587,
프로오토자동차공업사,3,광주광역시 서구 월드컵4강로 237(쌍촌동),35.15735204,126.8688669,
해산자동차공업사,3,광주광역시 서구 월드컵4강로 138(쌍촌동),35.14858663,126.8713476,
성문카센타,3,광주광역시 서구 화정로 189(화정동),35.14562935,126.8780716,
복민부분정비공업사,3,광주광역시 서구 칠성로 129(쌍촌동),35.16619313,126.8716096,
보현자동차공업사,3,광주광역시 서구 천변좌하로 428(유촌동),35.16664443,126.8581896,
바겐하우스,3,"광주광역시 서구 천변좌로 6-1, 1층(광천동)",35.16699809,126.8845733,
농성정비공업사,3,"광주광역시 서구 발산로 9, 1층(농성동)",35.15651375,126.8923114,
토탈정비,3,광주광역시 서구 상무민주로 6(쌍촌동),35.15111104,126.8588783,
동화카센타,3,광주광역시 서구 대남대로462번길 7(농성동),35.15177549,126.8867344,
신청사경정비,3,광주광역시 서구 천변좌하로 168(치평동),35.15417114,126.8365669,
성실자동차공업사,3,광주광역시 서구 화운로23번길 12(화정동),35.14244165,126.8833058,
핸들부분정비공업사,3,광주광역시 서구 운천로162번길 3(쌍촌동),35.14723751,126.8572203,
무등자동차공업사,3,광주광역시 서구 운천로 152-1(쌍촌동),35.14618458,126.8574003,
우리카센타,3,광주광역시 서구 풍암운리로11번길 11(풍암동),35.1236029,126.8648788,
주영부분정비공업사,3,광주광역시 서구 상무오월로52번길 16(쌍촌동),35.15424142,126.8658807,
치평현대모터스,3,광주광역시 서구 시청로 2(치평동),35.14887678,126.8523137,
해남카마스타,3,광주광역시 서구 월드컵4강로182번길 8(내방동),35.15223813,126.8704741,
뉴화정자동차공업사,3,광주광역시 서구 화운로 180(화정동),35.15502191,126.8771087,
창덕카전문정비,3,광주광역시 서구 죽봉대로111번길 10(광천동),35.16352611,126.8824363,
서광주카센터,3,광주광역시 서구 화개1로1번길 4-5(금호동),35.12493427,126.8540426,
쌍촌카3급정비공업사,3,광주광역시 서구 상무대로 939(쌍촌동),35.15176147,126.8647957,
킴스카써비스,3,광주광역시 서구 운천로204번길 7-1(치평동),35.15144758,126.8563274,
명성카센터,3,광주광역시 서구 상일로64번길 8(쌍촌동),35.16103069,126.8641512,
친구카센타,3,광주광역시 서구 천변좌로 124(양동),35.16012086,126.8924821,
스타모터스,3,광주광역시 서구 상일로54번길 3-16(쌍촌동),35.16106325,126.8637775,
삼보카센터,3,광주광역시 서구 금호운천길 60(금호동),35.14034562,126.8566581,
119종합카센터,3,광주광역시 서구 시청서편로4번길 4-1(치평동),35.15908429,126.846068,
삼일카인테리어,3,광주광역시 서구 풍암중앙로86번길 40(풍암동),35.12298646,126.8849205,
화정카마스터,3,광주광역시 서구 군분로 177-2(화정동),35.14756597,126.8857491,
쌍촌점기아오토큐,3,광주광역시 서구 천변좌하로 430(유촌동),35.16664732,126.8584969,
햇빛카클리닉,3,광주광역시 서구 월산로 239(농성동),35.1574194,126.8898186,
풍암점현대자동차,3,광주광역시 서구 풍금로38번길 53(풍암동),35.12490126,126.8678121,
르노삼성자동차 지정정비코너 쌍촌좀,3,광주광역시 서구 천변좌하로 476(쌍촌동),35.16753126,126.8633584,
진욱자동차공업사,3,광주광역시 서구 천변좌하로 286(치평동),35.16016466,126.845932,
상무현대카센터,3,광주광역시 서구 상무대로 790(마륵동),35.14656096,126.8495368,
세일카센터,3,광주광역시 서구 월암신기길 161(마륵동),35.14327838,126.8493744,
오토프랜드,3,광주광역시 서구 시청서편로4번길 18(치평동),35.15909806,126.8475166,
대인카클리닉,3,광주광역시 서구 풍암순환로 132(풍암동),35.12261512,126.8847281,
자동차종합병원,3,광주광역시 서구 풍암순환로 125(풍암동),35.12195497,126.8844957,
신진자동차진단센타,3,광주광역시 서구 풍암순환로128번길 55(풍암동),35.12698411,126.8844273,
거라지21,3,광주광역시 서구 내방로 288-1(내방동),35.15785284,126.8703746,
만도자동차,3,광주광역시 서구 천변좌하로 302(치평동),35.16025324,126.8476649,
서울모터스,3,광주광역시 서구 풍암순환로128번길 69(풍암동),35.12798086,126.8849952,
정진종합카,3,광주광역시 서구 동림2지구길 55(동천동),35.17061645,126.873283,
형제자동차정비,3,광주광역시 서구 화운로 191(화정동),35.15601765,126.8765902,
명진카센타,3,광주광역시 서구 화정로179번길 14(화정동),35.14655632,126.8769395,
오토오아시스롯데마트상무점,3,"광주광역시 서구 시청로 40, 101동(치평동)",35.15236613,126.8524184,
광주카써비스,3,광주광역시 서구 월드컵4강로 241(쌍촌동),35.14862697,126.871808,
농성점기아오토큐,3,광주광역시 서구 화정로294번길 6-1(농성동),35.14919212,126.8890961,
유빈카모터스,3,광주광역시 서구 상무오월로52번길 13(쌍촌동),35.15472749,126.8658081,
장안자동차공업사,3,광주광역시 서구 풍암순환로128번길 19(풍암동),35.12373301,126.8847458,
하이카,3,광주광역시 서구 풍암순환로188번길 50(풍암동),35.12918072,126.886087,
스마일카센터,3,광주광역시 서구 화운로 330(광천동),35.1685019,126.8775713,
강남카써비스,3,광주광역시 서구 월산로 272(농성동),35.1600665,126.8885094,
상무점기아오토큐,3,광주광역시 서구 상무민주로5번길 20(쌍촌동),35.1509783,126.8562681,
W-MOTOPS,3,광주광역시 서구 운천로154번길 13(쌍촌동),35.1465463,126.858481,
스마트카서비스,3,광주광역시 서구 월산로151번길 22(농성동),35.15064754,126.8935026,
송지카센타,3,광주광역시 서구 군분로 198(농성동),35.14903469,126.8847084,
태봉오토밋션,3,광주광역시 서구 풍암순환로128번길 25(풍암동),35.12437941,126.8844627,
대진자동차공업사,2,광주광역시 서구 무진대로772번길 6(쌍촌동),35.1610896,126.8646662,
서부카정비세차,3,"광주광역시 서구 화운로 204, 101동(화정동)",35.15709524,126.8771241,
정인자동차정비,3,광주광역시 서구 풍암신흥로50번길 11(풍암동),35.12166823,126.8690965,
따뜻한카센터,3,광주광역시 서구 매월1로57번길 5(매월동),35.11324096,126.8585831,
㈜옥산자동차공업사,1,광주광역시 서구 풍서우로 178(벽진동),35.12908143,126.8427275,
(주)상무정비마을1급자동차공업사,1,"광주광역시 서구 시청서편로 9, 112동(치평동)",35.15968051,126.8452583,
어울림자동차정비,3,"광주광역시 서구 풍암운리로23번길 10-1, 106동(풍암동)",35.12390453,126.8662899,
상무자동차공업사,1,광주광역시 서구 상무누리로 131(치평동),35.15469549,126.8376679,
정밀카센타,3,광주광역시 서구 천변좌로 220-4(양동),35.15534814,126.9009209,
동은카크리닉,3,광주광역시 서구 풍금로38번길 38(풍암동),35.12419315,126.8663079,
금호종합카센타,3,광주광역시 서구 화운로23번길 14(화정동),35.14232206,126.8830441,
대기상사,3,광주광역시 서구 금화로85번길 31(금호동),35.13519801,126.857542,
한국지엠광주서구바로서비스,3,광주광역시 서구 칠성로 43(쌍촌동),35.16663763,126.8622621,
세계오토미션,3,광주광역시 서구 풍암신흥로62번길 9(풍암동),35.12256345,126.8693995,
재성카클리닉,3,광주광역시 서구 화개2로9번길 29-7(금호동),35.12460898,126.8549139,
우리오토밋션,3,광주광역시 서구 개금길 11-1(매월동),35.12153884,126.8562514,
차고치는남자,3,광주광역시 서구 풍암운리로 27(풍암동),35.12325326,126.867012,
금호익스프레스(주),3,광주광역시 서구 무진대로 904(광천동),35.16057298,126.8798753,
제트카경정비,3,광주광역시 서구 매월동 119번지 2호,35.12067384,126.8591597,
현대자동차화정점,3,광주광역시 서구 화정로 80(화정동),35.14470712,126.8661336,
금호점기아오토큐,3,광주광역시 서구 금호운천길 3(금호동),35.13582766,126.8574015,
그린부분자동차공업사,3,광주광역시 서구 송풍로17번길 13(풍암동),35.11936222,126.8663637,
월드카센타,3,광주광역시 서구 쌍촌로 50(쌍촌동),35.14927428,126.8648631,
태화자동차공업사,2,"광주광역시 서구 천변좌하로 506, 104동(쌍촌동)",35.1668855,126.8665946,
티스테이션 상무점,3,광주광역시 서구 운천로 149(쌍촌동),35.14596217,126.8567552,
현대자동차서광주써비스,1,광주광역시 서구 죽봉대로 9(농성동),35.15424896,126.8832106,
오사카서비스,3,광주광역시 서구 상무민주로6번길 22(쌍촌동),35.15149053,126.8608924,
skymotors,3,광주광역시 서구 눌재로 569(벽진동),35.12780608,126.8309839,
미래자동차공업사,2,광주광역시 서구 천변좌하로 506(쌍촌동),35.1668855,126.8665946,
유주종합자동차정비공업사,1,광주광역시 서구 회재유통길 70(매월동),35.11367978,126.853498,
유일카센터,3,광주광역시 서구 화정로 39-20(쌍촌동),35.14660714,126.8765876,
평우카복지매장,3,광주광역시 서구 천변좌하로 552(쌍촌동),35.16684993,126.8714798,
더프리미엄 효성(주),3,광주광역시 서구 상무대로 881(쌍촌동),35.1509075,126.8583214,
상무오토매니아,3,광주광역시 서구 상무민주로 113(쌍촌동),35.16066932,126.8592608,
나산카센터,3,광주광역시 서구 풍암순환로128번길 39(풍암동),35.12541155,126.8839769,
나래자동차정비,3,광주광역시 서구 풍암중앙로86번길 3-12(풍암동),35.12616892,126.8840047,
카프렌드,3,광주광역시 서구 상무대로 1184(농성동),35.15456448,126.8910756,
서광주소형자동차공업사,2,광주광역시 서구 매월1로62번길 10(매월동),35.11147694,126.8588709,
(유)함평교통자가정비,3,광주광역시 서구 천변좌로 56(광천동),35.16284505,126.8866707,
영우카센터,3,광주광역시 서구 마륵로 96(치평동),35.14555214,126.8420338,
전남카모터스,3,광주광역시 서구 화개중앙로 28(금호동),35.12362516,126.858603,
진솔모터스,3,광주광역시 서구 천변우하로 367(동천동),35.16882012,126.8604644,
스피드메이트금남점,3,광주광역시 서구 회재로 807(매월동),35.11719183,126.8550505,
기아밧데리,3,광주광역시 서구 풍서우로 246(벽진동),35.12987664,126.835398,
벽진1급자동차공업사,1,광주광역시 서구 상무대로 624(벽진동),35.13968311,126.8334589,
㈜한솔자동차공업사,1,광주광역시 서구 풍서우로 172(벽진동),35.128834,126.8432467,
금호판매서비스,3,광주광역시 서구 죽봉대로 98(광천동),35.16204626,126.8841716,
삼삼토우캠버,3,광주광역시 서구 월드컵4강로226번길 20-1(내방동),35.15616958,126.8715942,
버들자동차서비스,3,광주광역시 서구 칠성로 23(유촌동),35.16658189,126.8601663,
금호카서비스,3,광주광역시 서구 금화로 42(금호동),35.13167886,126.8533229,
(주)에스케이정비센터,1,광주광역시 서구 풍서우로 170(매월동),35.12800094,126.843796,
현대서비스,3,광주광역시 서구 풍서좌로 123(매월동),35.12293344,126.8550251,
홍카센타,3,광주광역시 서구 화개중앙로16번길 12(금호동),35.12365968,126.8603579,
금호점현대자동차,3,광주광역시 서구 금화로 48(금호동),35.13174937,126.8539147,
천일카센타,3,광주광역시 서구 금부로 81-1(금호동),35.1397896,126.8579168,
풍암동부점 현대자동차,3,광주광역시 서구 풍암순환로128번길 81(풍암동),35.12893607,126.8859477,
T. station 광주서구점,3,광주광역시 서구 상무대로 902(쌍촌동),35.15055964,126.8606309,
기아검사정비서비스(주),1,광주광역시 서구 무진대로772번길 6(쌍촌동),35.1610896,126.8646662,
(주)제레스,3,"광주광역시 서구 상무대로 1019, 118동(내방동)",35.15199458,126.8733639,
백일카프라자,3,광주광역시 서구 화정로 68(쌍촌동),35.14431912,126.8641636,
동부카클리닉,3,광주광역시 서구 풍암신흥로49번길 1(풍암동),35.12086713,126.8682518,
스피드메이트이마트광주점,3,광주광역시 서구 죽봉대로 61(화정동),35.15881732,126.8820506,
서광카써비스,3,광주광역시 서구 운천로31번길 7-1(금호동),35.1353566,126.8581103,
상협모터스,3,광주광역시 서구 상무오월로 40(쌍촌동),35.15539243,126.8636587,
오토오아시스롯데마트월드컵점,3,"광주광역시 서구 금화로 240, 101동(풍암동)",35.13364695,126.8748343,
기람카센타,3,광주광역시 서구 상무화원로32번길 25(치평동),35.1460489,126.8459225,
매일1급자동차써비스,1,광주광역시 서구 매월동 499번지 1호,35.11384898,126.8494697,
성화카센타,3,광주광역시 서구 월암신기길 163(마륵동),35.14349448,126.8493495,
상무현대소형자동차공업사,2,광주광역시 서구 시청서편로 9(치평동),35.15968051,126.8452583,
오토오아시스터미널점,3,"광주광역시 서구 무진대로 917, 202동(광천동)",35.16229951,126.8524328,
성실카서비스,3,광주광역시 서구 화개1로1번길 28(금호동),35.12617832,126.8531036,
중앙카써비스,3,광주광역시 서구 화정로 185(화정동),35.14556149,126.8775567,
빛카센타,3,광주광역시 서구 매월동 663번지 10호,35.1099379,126.8572031,
애니카랜드상무점,3,광주광역시 서구 칠성로 51(쌍촌동),35.16657386,126.8631521,
㈜삼삼1급자동차서비스,1,광주광역시 서구 상무누리로 137(치평동),35.15533675,126.8378015,
한우리카센타,3,광주광역시 서구 풍암신흥로 6(풍암동),35.11909882,126.8644694,
강남공업사,2,광주광역시 서구 벽진학두길 8-14(벽진동),35.12914721,126.8373503,
M라인자동차공업사,3,광주광역시 서구 상무대로1206번길 3(농성동),35.15533809,126.8938638,
광주광산서비스(주),3,"광주광역시 서구 화운로 211, 102동(내방동)",35.15811788,126.8756174,
(주)제이원모터스,2,광주광역시 서구 상무대로 940(쌍촌동),35.15114789,126.8647273,
삼보카센타,3,광주광역시 서구 금호운천길 60(금호동),35.14034562,126.8566581,
㈜노블모터스,3,광주광역시 서구 상무대로 945(쌍촌동),35.15178798,126.8655633,
스피드메이드 풍암점,3,광주광역시 서구 화개중앙로3번길 1(금호동),35.12205789,126.8606435,
재산자동차공업사,3,광주광역시 서구 매월1로49번길 16(매월동),35.11402868,126.8589561,
금성종합카센타,3,광주광역시 서구 대남대로472번길 4(농성동),35.15213836,126.8860051,
1급Y풍암자동차공업사,1,광주광역시 서구 회재유통길 61(매월동),35.11370557,126.8524116,
필승카센타,3,광주광역시 서구 매월1로62번길 25(매월동),35.11058221,126.8605398,
카프리,3,광주광역시 서구 회재유통길 82(매월동),35.11291337,126.8515671,
이레카모터스,3,광주광역시 서구 칠성로 163(광천동),35.16605624,126.8753107,
프로미손해사정(주),3,광주광역시 서구 상무누리로 137(치평동),35.15533675,126.8378015,
신상무카센타,3,광주광역시 서구 화정로 8(쌍촌동),35.14420912,126.8582063,
윌링모터스,3,광주광역시 서구 월산로 199-2(농성동),35.15475026,126.8926645,
이세호오토마스터,3,광주광역시 서구 경열로 5-2(농성동),35.15320448,126.8882405,
티스테이션터미널점,3,광주광역시 서구 죽봉대로 103(광천동),35.16265034,126.8832605,
연일카센타,3,광주광역시 서구 죽봉대로 146-3(화정동),35.16635627,126.8843735,
공구카글리닉,3,광주광역시 서구 매월1로 11(매월동),35.11302193,126.8563812,
M motors,3,광주광역시 서구 풍암신흥로50번길 2-2(풍암동),35.12091802,126.8688765,
명성오토테크,3,광주광역시 서구 풍서우로 166(매월동),35.12823966,126.8442535,
유한회사 씨앤디모터스,3,광주광역시 서구 상무대로 1036(화정동),35.1515081,126.8753351,
코오롱글로벌㈜mini광주서비스센터,3,광주광역시 서구 죽봉대로 72(농성동),35.1597618,126.8837939,
에이스카클리닉,3,광주광역시 서구 화운로 183(화정동),35.15525987,126.8765237,
이한모터스서비스㈜,3,광주광역시 서구 상무대로 1226(양동),35.15591959,126.8953596,
빛고을오토자동차공업사,2,"광주광역시 서구 매월1로62번길 16(매월동, 101호 ~ 106호)",35.11087484,126.8590658,
상천카서비스,3,광주광역시 서구 송풍로17번길 2(풍암동),35.11862112,126.8671248,
프로카센터,3,광주광역시 서구 화운로 132(화정동),35.1509183,126.8778345,
하정오토미션,3,광주광역시 서구 풍서우로 148(매월동),35.12754343,126.8459241,
필영카센타,3,광주광역시 서구 회재유통길 38(매월동),35.11290629,126.8498669,
튜닝팩토리,3,광주광역시 서구 풍서좌로 103(매월동),35.12204074,126.8569026,
현대카서비스,3,광주광역시 서구 쌍촌로51번길 2(쌍촌동),35.14967687,126.8645392,
르노삼성자동차서비스코너서구점,3,광주광역시 서구 화개중앙로 134(금호동),35.13003001,126.8505371,
(주)한길1급자동차공업사,1,광주광역시 서구 회재유통길 51(매월동),35.11393916,126.8513772,
신성자동차(주),1,광주광역시 서구 상무대로 1041(화정동),35.15220042,126.8757866,
보쉬카상무점,3,광주광역시 서구 천변좌하로 188(치평동),35.15581189,126.8375313,
쌍촌점현대자동차써비스,3,광주광역시 서구 천변좌하로484번길 2(쌍촌동),35.16756406,126.8639726,
월드컵카센타,3,광주광역시 서구 화운로23번길 7-17(화정동),35.14183787,126.8843017,
VIP 1급자동차정비마을,1,광주광역시 서구 풍서좌로 241(매월동),35.12708397,126.8431068,
(주)전일상사,3,광주광역시 서구 천변좌로 26(광천동),35.16547188,126.8852418,
Q 모터스(MOTORS),3,광주광역시 서구 화운로 33-7(화정동),35.15930569,126.8773463,
(주)화순교통,3,광주광역시 서구 유덕로 144(덕흥동),35.16741325,126.839474,
풍암카클리닉,3,광주광역시 서구 풍암순환로128번길 59(풍암동),35.127256,126.8845881,
대호4WD상사,3,광주광역시 서구 내방로 9(치평동),35.15908972,126.841908,
Car Auto service,1,광주광역시 서구 회재유통길 49(매월동),35.11359263,126.8509542,
승남카클리닉,3,광주광역시 서구 회재유통길 38(매월동),35.11290629,126.8498669,
유럽모터스,3,광주광역시 서구 상무자유로 26(치평동),35.15117321,126.8369497,
(유한)대원시내버스,3,광주광역시 서구 유덕로51번길 6(유촌동),35.16539435,126.8489536,
지에스엠비즈(주) 오토오아시스 영진점,3,"광주광역시 서구 금화로 지하 240, B동 1층(풍암동)",35.13364695,126.8748343,
(주)동일이앤시,3,광주광역시 서구 무진대로 527(유촌동),35.16245722,126.8377552,
(주)한독모터스 광주상무영업소,3,광주광역시 서구 상무대로 855(쌍촌동),35.15003902,126.8551179,
컨벤션자동차 정비센터,3,광주광역시 서구 마륵로 50(마륵동),35.1440845,126.8374894,
오토오아시스 매월점,3,광주광역시 서구 풍서좌로 145(매월동),35.12396058,126.8530689,
(주)엘브이 위본 모터스,3,광주광역시 서구 운천로 190(쌍촌동),35.14284315,126.8576877,
베스트 자동차공업사,3,광주광역시 서구 유덕로27번길 18(유촌동),35.16403848,126.8504546,
동양커먼레일,4,광주광역시 서구 풍서좌로 119(매월동),35.12269476,126.8555221,
동양커먼레일,3,광주광역시 서구 풍서좌로 119(매월동),35.12269476,126.8555221,
대성종합 자동차 정비공업사,1,광주광역시 서구 회재유통길 41-4(매월동),35.11359354,126.850101,
에이스 카 서비스,3,광주광역시 서구 화정로 309(농성동),35.15032264,126.8895088,
알 모터스,3,광주광역시 서구 풍암2로 2(풍암동),35.12718724,126.8790813,
(주)동광 인더스트리,3,광주광역시 서구 무진대로 510(덕흥동),35.16117487,126.836566,
SK 스피트메이트 금호점,3,광주광역시 서구 서광주로 23(매월동),35.12933341,126.8473757,
스피드메이트 광주내방점,3,광주광역시 서구 내방로 288(내방동),35.1574635,126.8721251,
주식회사 동광고속,3,광주광역시 서구 유덕로 53(유촌동),35.16549875,126.848557,
(주)대건,3,광주광역시 서구 상무대로 937(쌍촌동),35.15165966,126.8645117,
파워카종합정비,1,광주광역시 서구 회재유통길 40(매월동),35.11282944,126.8503177,
썬카리페어,3,광주광역시 서구 칠성로35번길 6-5(유촌동),35.16692031,126.8606885,
부광카클리닉,3,광주광역시 서구 풍암신흥로62번길 8(풍암동),35.1222559,126.8693041,
드루와모터스,3,광주광역시 서구 회재유통길 70-1(매월동),35.11342877,126.8536441,
프로카클리닉,3,광주광역시 서구 군분로 172(농성동),35.14731135,126.8864878,
(주)엠플러스공업사,2,"광주광역시 서구 회재유통길 78, 공업사호(매월동)",35.11342763,126.8544778,
하나카클리닉,3,광주광역시 서구 매월1로62번길 11(매월동),35.11153741,126.8595502,
현대서부서비스(주),1,광주광역시 서구 풍서좌로 247(세하동),35.12669162,126.8426077,
평화카센타,3,"광주광역시 서구 칠성로 167, 1층(광천동)",35.16601687,126.8759259,
건영카인드림센터,2,"광주광역시 서구 회재유통길 78, B125호(매월동)",35.11342763,126.8544778,
179모터스,3,"광주광역시 서구 풍서좌로 99, 1층(매월동)",35.1218179,126.8571691,
(주)도이치아우토,3,광주광역시 서구 상무대로 957(쌍촌동),35.15180667,126.8667376,
우리카크리닉,3,광주광역시 서구 회재유통길 46(매월동),35.11234144,126.8521026,
팝모터스,3,광주광역시 서구 벽진학두길 1(벽진동),35.12912863,126.8363522,
벽진자동차정비,3,광주광역시 서구 풍서우로 346(벽진동),35.13660133,126.8312535,
김프로모터스,3,광주광역시 서구 유덕로 167(덕흥동),35.16811961,126.8369942,
마이카써비스 쌍촌점,3,광주광역시 서구 월드컵4강로 212(쌍촌동),35.15517782,126.8696323,
주식회사 광주성능정비,2,광주광역시 서구 매월1로 50-3(매월동),35.11243873,126.85641,
스피드메이트 호매실점,3,광주광역시 서구 매월1로63번길 5(매월동),35.11290281,126.8590485,
카 마스터 서비스,3,광주광역시 서구 월드컵4강로 126-4(화정동),35.14751204,126.8721087,
더 프리미엄 효성(주),3,광주광역시 서구 운천로 148(쌍촌동),35.14580553,126.8573504,
DS MOTORS,3,광주광역시 서구 상무대로 758(마륵동),35.14527065,126.8465481,
탑모터스,3,광주광역시 서구 대남대로 443(농성동),35.14970306,126.8868174,
H모터스,3,광주광역시 서구 칠성로 37(유촌동),35.16668583,126.8616358,
뉴하나카센터,3,광주광역시 서구 매월1로62번길 11(매월동),35.11153741,126.8595502,
에스케이엔정비마을,1,광주광역시 서구 풍서좌로 225-1(매월동),35.1264546,126.8451674,
(주)광주모터스,2,광주광역시 서구 회재로 756(매월동),35.1143931,126.8507675,
카튠샵,3,광주광역시 서구 유덕로6번길 30-61(유촌동),35.16797911,126.8515737,
카존(주),2,광주광역시 서구 매월1로62번길 29(매월동),35.11017448,126.8602443,
레젼드모터스,3,광주광역시 서구 풍암신흥로50번길 3-12(풍암동),35.12155025,126.8690104,
동덕카서비스,3,광주광역시 서구 풍암운리로11번길 12-7(풍암동),35.12385915,126.8652922,
만세모터스,3,광주광역시 서구 매월1로62번길 44(매월동),35.10918591,126.8596707,
인식카닥터,3,광주광역시 서구 매월1로 50-3(매월동),35.11243873,126.85641,
주철카모터스,3,광주광역시 서구 풍암신흥로50번길 43(풍암동),35.124337,126.8701348,
타이어핏,3,광주광역시 서구 무진대로 768(쌍촌동),35.16152762,126.864276,
현대카정비,3,광주광역시 서구 매월1로62번길 31(매월동),35.10996832,126.8604386,
엠비모터스,3,광주광역시 서구 화운로 204(화정동),35.15709524,126.8771241,
광주광역시 서구시설관리공단,1,광주광역시 서구 매월1로 50-4(매월동),35.1111644,126.8553541,
(유)스마트1급자동차공업사,1,광주광역시 서구 풍서좌로 233(매월동),35.12695924,126.8442057,
부일자동차공업사,1,광주광역시 남구 회재로 1256(주월동),35.1341024,126.898141,062-652-5512
빛고을자동차서비스(유),1,광주광역시 남구 송암로24번가길 18(송하동),35.11013834,126.8798996,062-674-4800
한울1급자동차공업사,1,광주광역시 남구 송암로24번나길 51(송하동),35.1124908,126.8780252,
(주)일신자동차정비공장,1,광주광역시 남구 송암로24번길 15(송하동),35.10929539,126.8806819,062-674-0321
주)대한자동차공업사,1,광주광역시 남구 송암로76번길 14(송하동),35.11207222,126.877688,062-676-3232
형제자동차정비㈜,1,광주광역시 남구 송암로24번나길 50-14(송하동),35.1127384,126.8804688,
중앙공업사,1,광주광역시 남구 송암로 72(송하동),35.1115657,126.8766265,062-674-1212
(주)선일자동차공업사,1,광주광역시 남구 송암로24번나길 9(송하동),35.10973191,126.8809383,062-674-0001
대양공업사,1,광주광역시 남구 송암로 52(송하동),35.10990805,126.8781383,
(주)광주자동차공업사,1,광주광역시 남구 송암로24번가길 14(송하동),35.10959025,126.8798811,062-676-8400
(주)서일자동차공업사,1,"광주광역시 남구 송암로24번나길 32-6, 가동(송하동)",35.11189862,126.8807684,062-674-0821
삼양공업사,1,광주광역시 남구 송암로24번가길 10(송하동),35.10955809,126.8801751,062-674-0031
(유)신진공업사,1,광주광역시 남구 송암로24번가길 8(송하동),35.10863511,126.8802789,062-674-0101
현대자동차㈜광주서비스센터,1,광주광역시 남구 송암로76번길 31(송하동),35.11345685,126.878261,062-673-2111
주)금화모터스,1,광주광역시 남구 송암로24번나길 35(송하동),35.11157968,126.879084,062-672-2744
남광주서비스 기아오토큐(주),1,광주광역시 남구 송암로24번나길 7(송하동),35.10925646,126.881426,062-672-6655
동신자동차공업사,1,광주광역시 남구 송암로 110(송하동),35.11397193,126.8735448,062-674-2700
삼양자동차서비스,1,광주광역시 남구 송암로24번나길 12(송하동),35.10989492,126.8825583,062-674-1531
한국지엠㈜광주서비스센터,1,광주광역시 남구 송암로24번길 62(송하동),35.11042142,126.8855838,062-670-8000
주)이천정비,1,광주광역시 남구 송암로24번나길 50-15(송하동),35.11388049,126.8796159,062-676-2000
쌍용자동차광주사업소㈜,1,광주광역시 남구 서문대로499번길 26(송하동),35.11014075,126.8864609,062-670-5582
남부자동차공업사,1,광주광역시 남구 송암로24번가길 38-2(송하동),35.11159749,126.8785976,062-674-3301
봉선자동차공업사,1,광주광역시 남구 봉선2로 104 (봉선동),35.12586095,126.9178788,062-653-0071
대원자동차공업사,1,광주광역시 남구 송암로58번길 47(송하동),35.11213778,126.8819922,062-676-8844
주)일광1급자동차공업사,1,광주광역시 남구 송암로24번길 20(송하동),35.10847431,126.8816684,062-430-5568
르노삼성자동차㈜ 광주사업소,1,광주광역시 남구 송암로 32(송하동),35.10879272,126.8791495,062-676-3001
주)예원하이테크,1,광주광역시 남구 송암로24번나길 14-7(송하동),35.11095875,126.8819413,062-676-7722
동성자동차주식회사,1,광주광역시 남구 송암로24번나길 13(송하동),35.10997462,126.8806427,062-674-2366
성진자동차건설기계공업(주),1,광주광역시 남구 송암로58번길 24(송하동),35.11041199,126.8795727,062-672-1504
삼성자동차공업사,1,광주광역시 남구 송암로24번나길 14-19(송하동),35.11128785,126.8829807,062-674-2281
(주)동양자동차정비공업사,1,광주광역시 남구 송암로 102(송하동),35.11352415,126.8738288,062-674-3999
주식회사 크레인모터풀,1,광주광역시 남구 송암로24번나길 50-12(송하동),35.11311488,126.8794458,062-674-2832
주)황금특장모터스,1,광주광역시 남구 송암로24번나길 16(송하동),35.11052215,126.8815953,062-674-2645
대광자동차공업사,1,광주광역시 남구 송암로24번나길 21(송하동),35.11050829,126.8800605,062-676-0783
(주)오룡정비,1,광주광역시 남구 송암로24번나길 14-26(송하동),35.11085874,126.8829199,070-7736-6033
유)우성,1,광주광역시 남구 송암로24번나길 44(송하동),35.11263344,126.8793321,062-676-6880
주)동산자동차서비스,1,광주광역시 남구 송암로24번나길 14-18(송하동),35.11049789,126.8825979,062-653-0574
유한회사 씨앤디모터스 광주지점,1,광주광역시 남구 송암로24번나길 54(송하동),35.11314766,126.8786868,062-000-0000
커민스광주,1,광주광역시 남구 송암로24번나길 14-32(송하동),35.11105394,126.8834461,062-674-0453
뉴남하자동차공업사(주),1,광주광역시 남구 송암로76번길 34(송하동),35.1136204,126.8791205,
삼형제 정비공업사,1,광주광역시 남구 송암로58번길 42(송하동),35.11142342,126.8814974,062-671-7865
코오롱글로벌(주),1,"대구광역시 서구 문화로 37(이현동, 엠월드 사무실 1층 9호, 전시장 1층 12호)",35.87508512,128.5370325,02-2105-8423
금호오토마스터 주식회사,1,광주광역시 남구 송암로 78(송하동),35.11282649,126.8754778,062-674-0675
(주)조은산업,1,"광주광역시 남구 송암로24번나길 50-16, D동(송하동)",35.11347744,126.8803785,062-676-8181
(주)우일1급자동차써비스,1,광주광역시 남구 송암로130번길 4(송하동),35.11482465,126.8721156,062-675-4975
동일특장,1,광주광역시 남구 송암로24번나길 32-11(송하동),35.11236341,126.880443,062-676-1686
유한회사 호남자동차공업사,1,광주광역시 남구 송암로24번길 26(송하동),35.10826514,126.8826262,
다온모터스,1,광주광역시 남구 송암로24번나길 50-14(송하동),35.1127384,126.8804688,
세영운수 유한회사,1,광주광역시 남구 송암로98번길 11(송하동),35.11440916,126.8747446,062-674-0106
스카니아광주센터유한회사동양,1,광주광역시 남구 송암로58번길 45(송하동),35.11185585,126.881273,062-945-0104
1급 미래자동차공업사,1,광주광역시 남구 송암로24번나길 32-3(송하동),35.11208563,126.8802811,
프리마모터스서비스(주),1,광주광역시 남구 서문대로517번길 13(송하동),35.11004164,126.8882169,
(주)하남자동차공업사,1,광주광역시 광산구 하남산단5번로 120,35.1963412,126.8082421,
(주)삼력자동차공업사,1,,35.1856291,126.7969142,
(주)삼력자동차정비공업사,1,광주광역시 광산구 고봉로258번길 57,35.1868545,126.7860374,
하남현대서비스(주),1,광주광역시 광산구 하남대로 127-10,35.1812438,126.8073866,
(주)케이지비고려골든박스,1,광주광역시 광산구 평동로913번길 42,35.1295468,126.7745343,
(주)동경1급자동차정비,1,광주광역시 광산구 소촌로 31,35.1477356,126.7924021,
하이모터스,1,광주광역시 광산구 동곡로 646,35.1392135,126.7767158,
오성모터스,1,광주광역시 광산구 상완길 233-8,35.2082324,126.8297257,
쌍용자동차북광주정비사업소(주),1,광주광역시 광산구 첨단과기로 59-15,35.2235644,126.8315597,
(주)우진실업,1,광주광역시 광산구 사암로 860-15,35.2162641,126.8260517,
송정현대모터스(유),1,광주광역시 광산구 상무대로 2-1,35.1225008,126.7801692,
고려모터스,1,광주광역시 광산구 동곡로 675-23,35.1413765,126.7740059,
르노코리아자동차광산정비사업소(주),1,광주광역시 광산구 용아로 202,35.1611312,126.8015996,
신가현대모터스,1,광주광역시 광산구 풍영정길 65-9,35.1824725,126.8420402,
(주)송정정비,1,광주광역시 광산구 어등대로 605,35.1494873,126.7890948,
산월마스타공업사,1,광주광역시 광산구 북문대로 619-33,35.2058527,126.8325163,
(주)화인특장,1,광주광역시 광산구 평동산단2번로 108,35.1327411,126.7615722,
코리아모터스,1,광주광역시 광산구 용아로 460-1,35.1848055,126.8056877,
(주)진왕자동차공업사,1,광주광역시 광산구 소촌로152번길 53-20,35.1579064,126.7981786,
한국특장종합자동차공업(주),1,광주광역시 광산구 사암로 764-16(도천동),35.2101908,126.8188357,
(주)신창1급모터스,1,광주광역시 광산구 북문대로420번길 159,35.1921183,126.8563863,
(주)한양모터스,1,광주광역시 광산구 사암로 796,35.2132226,126.8191652,
수완자동차공업사,1,광주광역시 광산구 상완길 233-10,35.2080939,126.8293872,
(주)한국그린피아,1,광주광역시 광산구 평동산단2번로 189,35.1348238,126.7704723,
(유)광주커먼레일일급정비,1,광주광역시 광산구 동곡로 675-11,35.1414054,126.7750808,
세기자동차종합정비공업사,1,광주광역시 광산구 북문대로 342-26,35.1906386,126.8562423,
매일적재함특장,1,광주광역시 광산구 동곡로 800,35.1526776,126.7809481,
주)햇빛1급공업사,1,광주광역시 광산구 첨단과기로 93-29,35.2252916,126.8368186,
코끼리특장(주),1,광주광역시 광산구 어등대로621번길 23-13,35.1500003,126.7908212,
(주)웰텍,1,광주광역시 광산구 평동로803번길 147,35.137466,126.7599754,
(주)빛고을자동차정비검사소,1,광주광역시 광산구 사암로 662,35.2029457,126.8116598,
㈜우리자동차공업사,1,광주광역시 광산구 고봉로16번길 16,35.1814691,126.8055499,
(주)한백자동차정비,1,광주광역시 광산구 첨단과기로 51,35.2219266,126.8318358,
(주)비아자동차공업사,1,광주광역시 광산구 사암로 827-37,35.2189777,126.822388,
휘닉스자동차공업사,1,광주광역시 광산구 상무대로 233,35.1401956,126.7928536,
한국상용트럭(주),1,광주광역시 광산구 평동산단로 67,35.1134367,126.7725049,
진흥1급자동차정비,1,광주광역시 광산구 첨단과기로 45-50,35.2249023,126.8282341,
기준자동차1급정비검사소,1,광주광역시 광산구 북문대로 595,35.2053496,126.8354997,
대일종합자동차정비공업사(주),1,광주광역시 광산구 사암로 827-9,35.2164725,126.8215235,
우림특장,1,광주광역시 광산구 평동산단외로 169,35.1398214,126.7576134,
(주)명진일급자동차정비공장,1,광주광역시 광산구 단전길 4(하남동),35.1822968,126.7981051,
장수종합자동차공업사,1,광주광역시 광산구 고봉로 76,35.1826662,126.7989999,
뉴흑석자동차공업사,1,광주광역시 광산구 손재로 183,35.1817203,126.7945125,
(주)한국지엠서광주서비스센터,1,광주광역시 광산구 하남대로 127-12,35.1812318,126.8070794,
광주광산서비스(주),1,광주광역시 광산구 무진대로 278-6,35.1605619,126.8105972,
고진수카마스타,1,광주광역시 광산구 왕버들로 113-8,35.202351,126.8236823,
이베코그룹코리아 유한회사,1,광주광역시 광산구 평동로913번길 8,35.1267172,126.7746096,
예원자동차서비스(유),1,광주광역시 광산구 동곡로 807,35.1533727,126.7801585,
하남특장정비,1,광주광역시 광산구 북문대로 763-1,35.2173058,126.8265859,
1급첨단공업사,1,광주광역시 광산구 첨단중앙로124번길 17,35.2167535,126.8431791,
금당모터스,1,광주광역시 광산구 우산로 58,35.1574336,126.8068782,
(유)은주자동차서비스,1,광주광역시 광산구 왕버들로 185,35.2003194,126.8307616,
(주)수완자동차서비스,1,광주광역시 광산구 상완길 307,35.2082545,126.8264196,
뉴첨단자동차서비스,1,광주광역시 광산구 사암로 818,35.2143868,126.8202357,
수완현대정비서비스(주),1,광주광역시 광산구 임방울대로 611-7,35.2121765,126.8265279,
주)시온모터스,1,광주광역시 광산구 사암로 885,35.2189619,126.8253978,
평동1급자동차정비공업사,1,광주광역시 광산구 동곡로 670,35.1413266,126.7771011,
광산현대서비스(주),1,광주광역시 광산구 동곡로 663,35.1405179,126.775566,
선운(주),1,광주광역시 광산구 동곡로 843-6,35.1574121,126.7802848,
에스모터스(주),1,광주광역시 광산구 어등대로 605,35.1494873,126.7890948,
송정대양자동차공업사,1,광주광역시 광산구 동곡로 817,35.1542373,126.7800797,
승주모터스,1,광주광역시 광산구 송촌길79번길 26,35.1379625,126.781376,
유)새한특장공업,1,광주광역시 광산구 사암로 764-34,35.2104505,126.8195898,
대원특장1급자동차공업사,1,광주광역시 광산구 어등대로621번길 18,35.1485155,126.7910627,
주)대명특장차,1,광주광역시 광산구 진곡산단중앙로 122,35.2000075,126.786237,
주)대하브이티에스,1,광주광역시 광산구 상완길 190,35.2066712,126.8313954,
바른정비서비스(1급),1,광주광역시 광산구 목련로 372-37,35.180424,126.8352185,
(주)뉴런모터스,1,광주광역시 광산구 진곡산단6번로 33,35.2126695,126.7797444,
신한국특장(주),1,광주광역시 광산구 진곡산단중앙로 256,35.2107526,126.7800476,
주)세호모터스,1,광주광역시 광산구 임방울대로 520,35.205149,126.8212808,
주)거성자동차공업사,1,광주광역시 광산구 사암로 827-21,35.2169253,126.8217477,
(주)첨단정비마을,1,광주광역시 광산구 첨단과기로 93-25,35.2248513,126.8369677,
(유)한국자동차종합서비스,1,광주광역시 광산구 수등로258번길 74,35.1830123,126.8419337,
북부현대서비스(주),1,광주광역시 광산구 도천남길 213,35.2138986,126.820089,
(주)한독모터스 광주평동서비스센터,1,광주광역시 광산구 평동산단로 170-19,35.1225073,126.7709975,
(주)대우트럭동양,1,광주광역시 광산구 소촌로 111,35.1541926,126.7918128,
디제이모터스,1,광주광역시 광산구 북문대로 559,35.202613,126.837746,
(주)진흥특장,1,광주광역시 광산구 임곡로 399-24,35.210386,126.7785485,
천제자동차모터스,1,광주광역시 광산구 고봉로258번길 55-1,35.1870659,126.7855402,
이지모터스,1,광주광역시 광산구 동곡로 675-3,35.1414475,126.7756838,
(주)대덕아이엠티 광주지점,1,광주광역시 광산구 진곡산단중앙로 178,35.2047251,126.7838936,
(유)삼능기계,1,광주광역시 광산구 진곡산단중앙로 152,35.2027216,126.7845384,
(주)스마일카관리서비스,1,광주광역시 광산구 북문대로 629-15,35.2073972,126.8319121,
(주)경동자동차공업사,1,광주광역시 광산구 고봉로230번길 8,35.1857922,126.786163,
(주)명성일급자동차서비스,1,광주광역시 광산구 사암로 799,35.2142596,126.8182825,
(유)윤성모터스,1,광주광역시 광산구 임곡로 804,35.2189269,126.818105,
(주)대한1급모터스,1,광주광역시 광산구 고봉로230번길 6,35.1856197,126.7860448,
인성자동차공업사,1,광주광역시 광산구 목련로 372-52,35.1793377,126.834729,
한국상용차 주식회사,1,광주광역시 광산구 평동산단로 85,35.1152327,126.7709422,
극동오토모빌스,1,,35.2109762,126.8180336,
대한보링 1급정비,1,광주광역시 광산구 사암로 784-1,35.2121451,126.8186646,
(주)화인모텍,1,광주광역시 광산구 하남산단9번로 20,35.2127575,126.7975574,
빛고을현대서비스(주),1,광주광역시 광산구 풍영정길 333,35.1945316,126.8542332,
세웅오토텍(주),1,광주광역시 광산구 평동산단2번로 213,35.1351511,126.7734189,
명성모터스,1,광주광역시 광산구 사암로 799-1,35.2146914,126.8181994,
GN특장모터스,1,광주광역시 광산구 지로길 33,35.141615,126.7664197,
대인1급자동차공업사,1,,35.211006,126.8201638,
(주)이지자동차공업사,1,,35.2150195,126.8259818,
뉴인성자동차공업사,1,광주광역시 광산구 목련로 372-52,35.1793377,126.834729,
다원1급자동차서비스,1,,35.2113509,126.8204114,
뉴21세기공업사,1,광주광역시 광산구 사암로 764-48,35.2110472,126.8197678,
형제모터스(유),1,,35.1858615,126.7867878,
성진특장,1,광주광역시 광산구 평동영천길 19-10,35.1392825,126.753408,
진곡현대모터스,1,광주광역시 광산구 고봉로230번길 10-2(장수동),35.1859608,126.7867973,
에스티모터스,1,광주광역시 광산구 사암로 827-3,35.2159097,126.8211143,
신성자동차(주),1,,35.2088478,126.8234678,
(주)한국자동차정비,1,,35.1854369,126.785784,
영진정비공업사,2,광주광역시 광산구 송촌길37번길 24,35.138855,126.7778074,
제이티자동차공업사,2,광주광역시 광산구 평동로 1019,35.1327134,126.7792708,
대웅카서비스,2,광주광역시 광산구 손재로 19,35.1674588,126.7997724,
더프리미엄효성(주),2,광주광역시 광산구 북문대로 480,35.1981006,126.8446954,
뉴오일존,2,광주광역시 광산구 금봉로 41-1,35.151752,126.8029221,
북광주자동차공업사,2,광주광역시 광산구 풍영정길 397,35.199314,126.8519149,
고려리프트특장,2,광주광역시 광산구 사암로 827-13,35.2166806,126.8216084,
광산자동차공업사,2,광주광역시 광산구 수남길 32,35.1846261,126.7840394,
중앙카,3,광주광역시 광산구 산정로 33-10,35.169766,126.8033939,
오토랜드,3,광주광역시 광산구 첨단중앙로47번길 3,35.2095085,126.8424472,
경도카자동차공업사,3,광주광역시 광산구 비아로34번길 3,35.2200187,126.820989,
한국지엠광산바로서비스,3,광주광역시 광산구 상무대로 326,35.1433995,126.8014316,
대산해등자동차공업사,3,광주광역시 광산구 노안삼도로 983,35.1267653,126.6804641,
삼형자동차공업사,3,광주광역시 광산구 손재로 458,35.2064705,126.795289,
강진카센타,3,광주광역시 광산구 어등대로 630,35.1474029,126.7888733,
제일카써비스,3,광주광역시 광산구 북문대로 819-3,35.2224165,126.8312356,
송정점 현대자동차,3,광주광역시 광산구 송도로 299,35.1399309,126.8006924,
제철카공업사,3,광주광역시 광산구 비아로 30,35.220097,126.8216249,
스피드메이트첨단점,3,광주광역시 광산구 첨단과기로 33,35.221374,126.8296908,
시영카마스타,3,광주광역시 광산구 평동로 812,35.1242019,126.763029,
하산점 현대자동차,3,광주광역시 광산구 동곡로 167-1,35.0984228,126.7745835,
DH모터스,3,광주광역시 광산구 비아중앙로31번길 25,35.2210492,126.8240716,
화물부분정비공업사,3,광주광역시 광산구 용아로 350,35.1742283,126.8043495,
명문카클리닉,3,광주광역시 광산구 산월로41번길 48,35.2110812,126.8419636,
쌍용서비스프라자신가코너,3,광주광역시 광산구 목련로394번길 10-6,35.1834669,126.8329573,
보천자동차공업사,3,광주광역시 광산구 목련로142번길 6,35.1716229,126.8134769,
월계첨단점현대자동차,3,광주광역시 광산구 첨단중앙로124번길 59,35.2166769,126.8455416,
(주)대산모터스,3,광주광역시 광산구 사암로 786,35.2125691,126.8187024,
스마일카부분정비,3,광주광역시 광산구 목련로153번안길 22,35.173423,126.8141314,
3공단부분정비공업사,3,광주광역시 광산구 장안길 12,35.2172817,126.8047728,
신가카맨샵,3,광주광역시 광산구 수등로243번길 27,35.1863286,126.835277,
카보이,3,광주광역시 광산구 하남대로 350,35.1783886,126.8316466,
대명카부분정비,3,광주광역시 광산구 사암로 782,35.2120711,126.818468,
덕운3급부분정비공업사,3,광주광역시 광산구 고봉로 126-23,35.1856753,126.7943114,
영풍카센타,3,광주광역시 광산구 우산로95번길 49,35.1585777,126.8113944,
금당카써비스,3,광주광역시 광산구 목련로394번길 60-11,35.1831354,126.8350371,
전자카크리닉,3,광주 광산구 목련로394번길 31-19,35.1845582,126.8339628,
삼양카센타,3,광주광역시 광산구 용아로 447,35.1834069,126.8046213,
삼일공업사,3,광주광역시 광산구 임곡로 575-1,35.2140068,126.7962869,
이튼부분자동차공업사,3,광주광역시 광산구 사암로 826,35.2148116,126.8212839,
동양카클리닉,3,광주광역시 광산구 어등대로665번길 11,35.1454882,126.7911952,
(유)광주전세,3,광주광역시 광산구 고봉로 215,35.184126,126.7862976,
한빛자동차공업사,3,광주광역시 광산구 비아로 169,35.2232254,126.8226232,
건일카센타,3,광주광역시 광산구 광산로67번길 51,35.1425674,126.7965487,
부영카클리닉,3,광주광역시 광산구 북문대로 329,35.1892176,126.8565697,
차 고치는 집 J&J,3,광주광역시 광산구 월계로16번길 81,35.2115386,126.8342032,
플러스 원 카클리닉,3,광주광역시 광산구 월곡중앙로41번길 12,35.1700798,126.8105355,
오토카정비공업사,3,광주광역시 광산구 송도로 186,35.1309189,126.7945047,
고려모터스,3,광주광역시 광산구 사암로158번길 18,35.1582722,126.8087428,
진성카인테리어,3,광주광역시 광산구 목련로394번길 17-15,35.1844711,126.8333382,
대방카센타,3,광주광역시 광산구 금봉로 86,35.1517488,126.8080916,
서정자동차공업사,3,광주광역시 광산구 목련로 63,35.1725834,126.8048236,
애니카랜드첨단점,3,광주광역시 광산구 첨단중앙로124번길 46,35.216309,126.844778,
한국지엠신창바로서비스,3,광주광역시 광산구 신가삼효로 22-1,35.1864084,126.8351441,
각화자동차공업사,3,광주광역시 광산구 용아로 462,35.1848082,126.8050509,
신유창공업사,3,,35.1382592,126.7750402,
광성카공업사,3,광주광역시 광산구 월곡중앙로 59-11,35.1716212,126.810546,
(주)쌍용송정서비스프라자,3,광주광역시 광산구 송도로 123,35.1272431,126.7901703,
현대자동차공업사(산정점),3,광주광역시 광산구 산정공원로81번길 30,35.1750795,126.8047541,
금정부분정비,3,광주광역시 광산구 도천남길 44,35.2079821,126.8188018,
제일자동차공업사,3,광주광역시 광산구 사암로118번길 55,35.1548911,126.8104822,
하이카써비스광산점,3,광주광역시 광산구 임방울대로 136,35.1732968,126.8178108,
(유)유진카프라자,3,광주광역시 광산구 송촌길 27,35.1384099,126.7765742,
믿음카부분정비,3,광주광역시 광산구 우산로 112,35.1561533,126.8123516,
하남자동차공업사,3,광주광역시 광산구 사암로 369-1,35.1772264,126.8076649,
호남카센타,3,광주광역시 광산구 어등대로 661,35.1449413,126.7905888,
우리자동차공업사,3,광주광역시 광산구 월계로 6,35.207906,126.8351337,
부영카클리닉,3,광주광역시 광산구 신가삼효로 41,35.1876912,126.8363775,
HR모터스,3,광주광역시 광산구 동곡로 670,35.1413266,126.7771011,
3.9카클리닉,3,광주광역시 광산구 목련로394번길 11,35.1838388,126.8331936,
수완점현대자동차,3,광주광역시 광산구 수완로74번길 11-38,35.1928848,126.8300007,
주식회사 운남점 현대자동차,3,광주광역시 광산구 풍영철길로 151,35.1717849,126.8217626,
SK스피드메이트신창점,3,광주광역시 광산구 신가삼효로 14-19,35.1854093,126.8343569,
도우카부분정비,3,광주광역시 광산구 신창로105번길 35-5,35.1949065,126.8358903,
전일카마스터,3,광주광역시 광산구 장신로266번길 14,35.189898,126.8390361,
매일카센타,3,광주광역시 광산구 동곡로 560-5,35.1318599,126.7768696,
대명부분자동차공업사,3,,35.183713,126.7936816,
제이카서비스,3,광주광역시 광산구 첨단내촌로 7,35.2079029,126.8357487,
금주카부분정비,3,광주광역시 광산구 금봉로 61,35.151911,126.8053345,
환영자동차카센타,3,광주광역시 광산구 사암로118번길 65,35.1548611,126.8110973,
임곡카센타,3,광주광역시 광산구 고봉로 800,35.2198428,126.7434781,
정비천국,3,광주광역시 광산구 우산로 117,35.1564391,126.812995,
테크닉자동차공업사,3,광주광역시 광산구 우산로 129,35.1562996,126.8144019,
세진카센타,3,광주광역시 광산구 우산로 71,35.157149,126.8081884,
금호로케트 하남자동차공업사,3,광주광역시 광산구 용아로 352,35.1743817,126.8043692,
평동밧데리,3,광주광역시 광산구 평동로 809,35.1247218,126.7627359,
금광카클리닉,3,광주광역시 광산구 신창로162번길 5,35.1987099,126.8414913,
웰빙카,3,광주광역시 광산구 비아안길 75-7,35.2214352,126.8202106,
에이스자동차정비,3,광주광역시 광산구 소촌로 42,35.148175,126.7939868,
광주오토자동차공업사,3,광주광역시 광산구 사암로 102,35.1534202,126.8075623,
J카 써비스,3,광주광역시 광산구 비아로24번길 59,35.2227372,126.8215428,
대명카서비스,3,광주광역시 광산구 송도로 7,35.1203178,126.7808929,
월곡 정비나라,3,광주광역시 광산구 월곡반월로 47,35.1693072,126.8126434,
소촌점기아오토큐,3,광주광역시 광산구 소촌로 52,35.1489847,126.7938322,
(송정점)기아오토큐,3,광주광역시 광산구 송정로 43,35.1356659,126.7959928,
(흑석점)기아오토큐,3,광주광역시 광산구 용아로 428,35.1814201,126.8051554,
신창점기아오토큐,3,광주광역시 광산구 신창로36번길 42,35.1891883,126.8392768,
월계점기아오토큐(주),3,광주광역시 광산구 첨단중앙로124번길 16,35.2162557,126.8429665,
한국지엠첨단바로서비스,3,광주광역시 광산구 첨단중앙로124번길 5-32,35.2168029,126.8455289,
신광주자동차써비스,3,광주광역시 광산구 목련로 372-8,35.1809299,126.8334657,
천수자동차공업사,3,,35.1584137,126.8112212,
우성카센타,3,광주광역시 광산구 수등로243번길 20-2,35.1857996,126.8355635,
뉴스카이모터스,3,광주광역시 광산구 월계로 34,35.2096349,126.8330772,
카젠우산점,3,광주광역시 광산구 사암로 126,35.1554676,126.8076971,
대흥카공업사,3,광주광역시 광산구 용아로 442-11,35.1825329,126.8055673,
6번카센타,3,광주광역시 광산구 임방울대로 578,35.2091121,126.8256275,
제일카클리닉,3,광주광역시 광산구 어등대로665번길 5,35.1450984,126.7909815,
신성카센타,3,광주광역시 광산구 비아안길 100-18,35.2205122,126.8216848,
서부자동차공업사,3,광주광역시 광산구 금봉로 85,35.1521631,126.8080526,
무한도전카클리닉,3,광주광역시 광산구 상무대로 297-5,35.1439089,126.7982527,
태황자동차공업사,3,광주광역시 광산구 사암로 764-18,35.2103462,126.8181306,
오렌지자동차공업사,3,광주광역시 광산구 송정로 50,35.1349641,126.7961238,
가람공업사,3,광주광역시 광산구 송정로 51,35.1352403,126.7967013,
오토오아시스신창점,3,광주광역시 광산구 왕버들로289번길 45,35.1971444,126.8417881,
현대광산ST,3,광주광역시 광산구 무진대로 266,35.1608763,126.8095719,
월드종합카세차장,3,광주광역시 광산구 첨단중앙로152번길 81-11,35.2198059,126.8466177,
광산 라디에타,3,광주광역시 광산구 상무대로 275,35.1436483,126.7956119,
부영카클리닉,3,광주광역시 광산구 산정공원로71번길 32,35.174086,126.8045491,
동명카센타,3,광주광역시 광산구 송도로 181,35.1309672,126.7939224,
수완3급자동차공업사,3,광주광역시 광산구 수완로 78,35.1921467,126.8291768,
태일모터스,3,광주광역시 광산구 신창로36번길 46-1,35.1892965,126.8392862,
우영3급(주),3,광주광역시 광산구 사암로 827-10,35.2162414,126.8218564,
KJ모터스,3,광주광역시 광산구 우산로96번길 47,35.1542456,126.8108428,
㈜하남제일상사,3,광주광역시 광산구 사암로 840,35.2156531,126.8225349,
킹카모터스,3,광주광역시 광산구 수완로11번길 38,35.186388,126.8264926,
조은카센타,3,광주광역시 광산구 송도로 326,35.1416977,126.802521,
삼진자동차정비,3,광주광역시 광산구 첨단과기로 23,35.2209093,126.8291703,
나라카센타,3,광주광역시 광산구 동곡로 546,35.1300697,126.7763259,
카젠수완점,3,광주광역시 광산구 임방울대로 493,35.2034969,126.8191742,
현카써비스,3,광주광역시 광산구 왕버들로290번길 20,35.1945483,126.8398923,
SK대성카크리닉,3,광주광역시 광산구 사암로 138,35.156722,126.8078434,
금성오토밋션전문점,3,광주광역시 광산구 사암로106번길 68,35.153517,126.8109961,
정석카클리닉,3,광주광역시 광산구 첨단강변로87번길 32-1,35.2149125,126.8505201,
ㄱ카센타,3,광주광역시 광산구 왕버들로290번길 22,35.1943763,126.8398179,
스피드 메이트 수완점,3,광주광역시 광산구 수완로74번길 13,35.1919001,126.8297733,
TBX수완점,3,광주광역시 광산구 왕버들로 107,35.2026551,126.8225139,
청정카센타,3,광주광역시 광산구 송도로85번길 43,35.1272284,126.7859903,
하진카센타,3,광주광역시 광산구 수완로11번안길 53,35.1870353,126.8263186,
진성모터스,3,광주광역시 광산구 사암로 127,35.1559214,126.8070978,
주원 카 공업사,3,광주광역시 광산구 도천남길 88,35.2092049,126.8203326,
삼협,3,광주광역시 광산구 목련로 326,35.1781128,126.8301575,
보쉬카서비스수완점,3,광주광역시 광산구 장덕로40번길 31,35.1937747,126.8140004,
서광㈜,3,광주광역시 광산구 평동산단3번로 105,35.1307473,126.7622827,
이원카클리닉,3,광주광역시 광산구 상무대로 469,35.1440401,126.8170817,
보쉬카서비스 신창점,3,광주광역시 광산구 장신로266번길 7,35.1901893,126.8393284,
주식회사 남양모터스,3,광주광역시 광산구 북문대로 480,35.1981006,126.8446954,
대운모터스,3,광주광역시 광산구 손재로110번길 25-1,35.1763474,126.7980719,
차사랑정비,3,광주광역시 광산구 송도로 92,35.1253049,126.7874342,
동원카센타,3,광주광역시 광산구 비아중앙로31번길 18,35.2213812,126.823924,
신세계모터스,3,광주광역시 광산구 상무대로 92,35.1287153,126.7859573,
성원자동차공업사,3,광주광역시 광산구 어등대로 591,35.1507503,126.787397,
J&C모터스,3,광주광역시 광산구 도산로9번길 51,35.1272576,126.789808,
세진카센타,3,광주광역시 광산구 소촌로 71,35.1505521,126.7928214,
기찬카서비스,3,광주광역시 광산구 첨단월봉로 90,35.2063736,126.8483122,
㈜대창석유,3,광주광역시 광산구 소촌로 9-6,35.1476355,126.790494,
나래오토카센타,3,광주광역시 광산구 첨단내촌로 17,35.208496,126.8364981,
EL MOTORS,3,광주광역시 광산구 임곡로 812,35.2173771,126.8163152,
송정카클리닉,3,광주광역시 광산구 송도로 172,35.1297387,126.7936663,
카이로스,3,광주광역시 광산구 풍영로230번길 20,35.191914,126.8154439,
로케트 고속공조,3,광주광역시 광산구 사암로 827-18,35.2167396,126.8221128,
현대카클리닉첨단점,3,,35.2163561,126.844986,
만도카센타,3,광주광역시 광산구 용아로 360,35.1752215,126.8045215,
금하카서비스,3,광주광역시 광산구 사암로 61,35.1497473,126.8071221,
믿음카센타,3,광주광역시 광산구 장덕로40번길 14,35.1944087,126.8133873,
르노코리아자동차 서비스코너 광주송정점,3,광주광역시 광산구 광산로 122,35.1434085,126.8032531,
월드 카센타,3,광주광역시 광산구 상무대로 341,35.1440641,126.803013,
흑석부분자동차공업사,3,광주광역시 광산구 북문대로 629-11,35.2073404,126.8325609,
신창진흥점현대자동차,3,광주광역시 광산구 북문대로 482,35.1984856,126.8444264,
대성 카,3,광주광역시 광산구 월곡중앙로 56,35.1712053,126.8113314,
금호자동차,3,광주광역시 광산구 어등대로647번길 17,35.1455745,126.7917207,
효근이가 차 고치는집,3,광주광역시 광산구 풍영로101번안길 15-3,35.1813862,126.8099536,
카톡(car talk),3,광주광역시 광산구 남동길48번길 37,35.1302935,126.7905421,
비아 매일카,3,광주광역시 광산구 비아로 40,35.2199413,126.8204519,
차세대 카 서비스,3,광주광역시 광산구 목련로219번길 129,35.177425,126.8233609,
진카센타,3,광주광역시 광산구 하남대로261번길 20,35.1808342,126.822642,
다모아 카센터,3,광주광역시 광산구 고내상길79번길 2,35.1385199,126.8047621,
신창 현 자동차서비스,3,광주광역시 광산구 신창로106번길 8-3,35.1944261,126.8384227,
남호카센타,3,광주광역시 광산구 우산로 107,35.1564748,126.8120396,
동아카센타,3,광주광역시 광산구 임방울대로 580-1,35.2094149,126.8261723,
승진카클리닉,3,광주광역시 광산구 목련로397번안길 15,35.1833971,126.8322557,
운암계기카센타,3,광주광역시 광산구 북문대로 396-7,35.1928809,126.8503035,
㈜비엠아이부분정비공업사,3,광주광역시 광산구 사암로 720,35.2070406,126.8156086,
명품카센타,3,광주광역시 광산구 우산로 67,35.1571918,126.8079573,
오토오아시스 수완셀프점,3,광주광역시 광산구 장신로 152,35.1903467,126.8266662,
애니카랜드우산점,3,광주광역시 광산구 우산로 72,35.1567602,126.8080624,
현대카서비스,3,광주광역시 광산구 목련로273번안길 83,35.1764656,126.8211022,
하남오토랜드,3,광주광역시 광산구 사암로 451,35.1846348,126.8094012,
선우오토미션,3,광주광역시 광산구 송도로85번길 36,35.1270987,126.7865408,
태양자동차공업사,3,광주광역시 광산구 산정공원로59번길 37,35.1728207,126.8042054,
㈜하나로정비서비스,3,광주광역시 광산구 임방울대로 261,35.1850411,126.8186837,
스마트자동차서비스,3,광주광역시 광산구 신창로106번길 23-5,35.1946856,126.8391657,
오토오아시스 롯데마트수완점,3,광주광역시 광산구 장신로 98,35.1891404,126.8203263,
현대카클리닉신창점,3,광주광역시 광산구 신창로48번길 36,35.1895193,126.8390195,
스피드메이트이마트광산점,3,광주광역시 광산구 사암로 172,35.1600644,126.8085849,
금정카클리닉,3,광주광역시 광산구 북문대로 369,35.190693,126.8524644,
서광카,3,광주광역시 광산구 평동산단외로 257,35.1407025,126.7671029,
뉴흑석카,3,광주광역시 광산구 손재로 183-1,35.1819609,126.7942345,
아시아나에어포트(주) 광주영업소,3,광주광역시 광산구 상무대로 420-25,35.1386736,126.8103012,
(유)라정시내버스,3,광주광역시 광산구 평동산단외로 185,35.1404975,126.7593808,
서경자동차공업사,3,광주광역시 광산구 도천남길 41-33,35.2071781,126.8195383,
안청카클리닉,3,광주광역시 광산구 본안길 14-2,35.217076,126.804018,
스피드메이트광주공항점,3,광주광역시 광산구 상무대로 435-2,35.1444567,126.813597,
클린카서비스,3,광주광역시 광산구 상완길 314-27,35.2096879,126.826443,
현카클리닉,3,광주광역시 광산구 풍영철길로 113,35.1695622,126.8184356,
투유카넷,3,광주광역시 광산구 사암로 108,35.1539886,126.8076199,
르노코리아자동차서비스코너첨단점,3,광주광역시 광산구 북문대로 567,35.20360524,126.8376875,
(주)제일에너지,3,광주광역시 광산구 목련로 365-9,35.1812276,126.831617,
유성자동차공업사,3,광주광역시 광산구 송촌길 14-10,35.1379619,126.7750556,
스피드메이트수완장덕점,3,광주광역시 광산구 풍영로 204,35.1897863,126.8144756,
BDM,3,광주광역시 광산구 상무대로 487,35.1436636,126.8191502,
오토상사 VIP ZONE,3,광주광역시 광산구 목련로 353,35.1804842,126.8311775,
유)현대교통,3,광주광역시 광산구 동곡로 411-7,35.119069,126.7795182,
오토오아시스홈플러스광주하남점,3,광주광역시 광산구 용아로 390,35.1779701,126.8053815,
삼아교통(유),3,광주광역시 광산구 동곡로 411-5,35.1188298,126.7799277,
차 고치는 집,3,광주광역시 광산구 왕버들로 23,35.2025915,126.8132243,
신명카센타,3,광주광역시 광산구 신가삼효로 2-3,35.185695,126.8331341,
유)알디디모터스,3,광주광역시 광산구 용아로 109,35.1533501,126.7986407,
MB motors,3,광주광역시 광산구 비아로 72-9,35.2196264,126.8168098,
금호타이어무진대로점,3,광주광역시 광산구 무진대로 80,35.1599294,126.7895108,
성수오토밋션,3,광주광역시 광산구 고봉로258번길 57,35.1868545,126.7860374,
임형배카센터,3,광주광역시 광산구 송도로 105-4,35.1267549,126.7882136,
평동카클리닉,3,광주광역시 광산구 송도로 283,35.1386963,126.7998107,
광명카공업사,3,광주광역시 광산구 사암로27번길 7,35.1463488,126.8070949,
오토오아시스 선암점,3,광주광역시 광산구 어등대로459번길 17,35.1517958,126.7730594,
우진I&E크리닝센터,3,광주광역시 광산구 고봉로 234,35.1858638,126.7852177,
yes카서비스,3,광주광역시 광산구 목련로273번안길 69,35.1764359,126.8217504,
진성카,3,광주광역시 광산구 도천남길 77,35.2091343,126.8195649,
파워모터스,3,광주광역시 광산구 신가매결길 89-9,35.188632,126.8404925,
베스트카클리닉,3,광주광역시 광산구 신창로36번길 27,35.1888289,126.8384584,
SHARK MOTOR OIL,3,광주광역시 광산구 첨단내촌로11번길 7-1,35.2082927,126.8359738,
오토오아시스 빛고을점,3,광주광역시 광산구 하남대로 338,35.1784323,126.8305701,
불만제로카,3,광주광역시 광산구 임방울대로826번길 19-10,35.216469,126.849268,
바이엠,3,,35.1839408,126.8039218,
드림카,3,광주광역시 광산구 북문대로 833,35.2245899,126.8257561,
탑오토,3,광주광역시 광산구 수완로 176,35.1999472,126.8286256,
와이카,3,광주광역시 광산구 임방울대로825번길 21-13,35.2190677,126.8476606,
용용이자동차 도산점,3,광주광역시 광산구 상무대로 105-4,35.130179,126.7862976,
광주모터스,3,광주광역시 광산구 하남대로 9,35.1807918,126.7945043,
(주)정우모터스,3,광주광역시 광산구 사암로 799,35.2142596,126.8182825,
(주)한일특장,3,광주광역시 광산구 도천남길 82,35.2087387,126.820592,
SH모터스,3,광주광역시 광산구 용보로49번안길 37,35.1384053,126.8031946,
덱스크루 광주 광산점,3,광주광역시 광산구 수완로106번길 63,35.1927607,126.8320888,
엠케이(MK)모터스 카센터,3,광주광역시 광산구 신가삼효로 2,35.1857556,126.8328697,
광주정비,3,광주광역시 광산구 하남산단1번로 108,35.1845968,126.8064593,
(주)애니카랜드수완점,3,광주광역시 광산구 왕버들로 189,35.2002145,126.8311036,
현대모터라인,3,광주광역시 광산구 임곡로 773,35.2189903,126.8144465,
코리아카센타,3,광주광역시 광산구 송정로30번길 22,35.1354687,126.7933842,
UNIQUE,3,광주광역시 광산구 첨단과기로 93-21,35.2247219,126.8375737,
오토월드,3,광주광역시 광산구 동곡로 843,35.1559767,126.7800648,
JUN-GARAGE,3,광주광역시 광산구 비아로 18-1,35.2203967,126.8227849,
올탑,3,광주광역시 광산구 북문대로 873-1,35.2284248,126.8252504,
비아IC 카,3,광주광역시 광산구 임방울대로 594,35.2102652,126.8264896,
신가 카클리닉,3,광주광역시 광산구 목련로 315,35.1776589,126.8288906,
(주)지티모터스,3,광주광역시 광산구 우산로 79,35.1569505,126.8090803,
홍춘이가 차 고치는 집,3,광주광역시 광산구 고봉로125번안길 23,35.182409,126.7939754,
정비대장,3,광주광역시 광산구 목련로 371,35.1816464,126.8320502,
진왕모터스,3,광주광역시 광산구 소촌로152번길 53-22,35.1581709,126.798482,
진영모터스앤오토케어,3,광주광역시 광산구 장신로148번길 9-4,35.1899873,126.8267812,
카인자동차,3,광주광역시 광산구 첨단봉산길 6,35.2061991,126.8460853,
성원밧데리,3,광주광역시 광산구 어등대로595번길 3,35.1509476,126.7872953,
(주)플럭스,3,광주광역시 광산구 임곡로 711-25,35.2187102,126.8061249,
로얄카센타,3,광주광역시 광산구 소촌로 62,35.1499107,126.7935881,
JS퍼포먼스,3,광주광역시 광산구 연산로 303,35.1226528,126.7613848,
하나모터스,3,광주광역시 광산구 북문대로 875,35.2285597,126.8252265,
웅신커먼레일,3,광주광역시 광산구 북문대로420번길 147,35.1922654,126.8557364,
대지오일,3,광주광역시 광산구 임곡로 637,35.2174079,126.8002128,
한국상용차(주),3,,35.111188,126.7774309,
캠핑플라자,3,광주광역시 광산구 진곡산단4번로 31-22,35.2068965,126.7846959,
카니아 모터스,3,,35.1847932,126.8044363,
남정오토,3,,35.1826527,126.8040065,
영신대형카,3,광주광역시 광산구 비아동원촌길 82,35.2211444,126.8292438,
T-station,3,광주광역시 광산구 북문대로 402,35.1930419,126.8501694,
세중밧데리,3,광주광역시 광산구 송도로 82,35.1249385,126.7868472,
(주)스마일카관리,3,,35.208099,126.8317813,
J Man's Motors,3,,35.2002275,126.790209,
라이온모터스,3,광주광역시 광산구 상무대로 335,35.1439849,126.8022899,
THE SG MOTORS,3,광주광역시 광산구 사암로 764-18,35.2107184,126.8183997,
신지모터스,3,,35.1544758,126.8076677,
광도카센타,3,광주광역시 광산구 왕버들로 25,35.2026483,126.813498,
탑모터스,3,광주광역시 광산구 목련로 229,35.1726947,126.8226277,
봉선 모터스,3,광주광역시 광산구 상무대로 443,35.1443474,126.8143997,
정카클리닉,3,광주광역시 광산구 풍영철길로 159,35.1721338,126.8224162,
OK마트자동차,3,광주광역시 광산구 진곡산단중앙로 250-2,35.2103273,126.7807788,
동현카센타,3,광주광역시 광산구 상무대로133번길 10,35.1321022,126.7875309,
행복카센타,3,,35.1815637,126.8318867,
장수보링공업사,4,광주광역시 광산구 고봉로 224-33,35.183683,126.7888623,
대성보링공업사,4,광주광역시 광산구 사암로 668-1,35.2033131,126.8123573,
한국상용차(주),4,,35.111188,126.7774309,
새한엔진보링,4,광주광역시 광산구 사암로 764-32,35.2104817,126.8190841,
도운카월드,3,광주광역시 광산구 용아로 432,35.1817989,126.8051718,
부성종합자동차공업사,1,광주광역시 광산구 용아로 440,35.1824027,126.8051629,
대명1급자동차정비마을,1,,35.1848898,126.8032711,
(주)한국자동차정비,1,광주광역시 광산구 하남마항로 25,35.1826522,126.7994063,
(주)프로월드자동차종합정비,1,광주광역시 광산구 동곡로 675-3,35.1414475,126.7756838,
(주)백룡,1,광주광역시 광산구 소촌로123번길 14-10,35.1560411,126.7918842,
신성자동차(주)소촌지점,1,광주광역시 광산구 어등대로603번길 20,35.1498179,126.7906044,
거성자동차공업사,1,광주광역시 광산구 사암로 827-21,35.2169253,126.8217477,
신창 현대 자동차서비스,1,광주광역시 광산구 신창로106번길 8-3,35.1944261,126.8384227,
아스공항㈜광주영업소,1,,35.1421278,126.807749,
신창 현대자동차서비스,1,광주광역시 광산구 신창로106번길 8-3,35.1943446,126.8383909,
지에스엠비즈㈜ 오토오아시스 운남대교점,1,광주광역시 광산구 임방울대로 14,35.1623662,126.8190556,
한성자동차공업사,1,광주광역시 광산구 상완길 314-46,35.2104789,126.8271454,
고려모터스,1,광주광역시 광산구 사암로 860-15,35.2162641,126.8260517,
(주)삼보일급자동차서비스,1,광주광역시 광산구 도천남길 213,35.2138986,126.820089,
주)글로벌오토텍,1,광주광역시 광산구 평동산단2번로 213,35.1351511,126.7734189,
혜성공업사,1,광주광역시 광산구 임방울대로 600-1,35.210573,126.8275505,
(주)부림모터스,1,광주광역시 광산구 사암로 799,35.2142596,126.8182825,
송정대광자동차공업사,2,광주광역시 광산구 상무대로 247-1,35.1413654,126.7935606,
(유)태왕자동차서비스,2,광주광역시 광산구 왕버들로 199,35.2001103,126.8324448,
부자카센터,2,광주광역시 광산구 신가번영로8번길 62,35.1796454,126.822747,
청마자동차공업사,2,광주광역시 광산구 하남마항로29번길 11(하남동),35.1828889,126.7987331,
대성카센타,3,광주광역시 광산구 월곡중앙로 56,35.1712053,126.8113314,
믿음자동차공업사,3,광주광역시 광산구 고봉로 112,35.1842028,126.7957934,
본량자동차공업사,3,광주광역시 광산구 용진로 376,35.1802845,126.7290137,
남호자동차공업사,3,광주광역시 광산구 우산로 67,35.1572462,126.8079894,
영자동차공업사,3,광주광역시 광산구 상무대로 282,35.1427412,126.7968543,
정진자동차공업사,3,광주광역시 광산구 상무대로133번길 2,35.1320502,126.7877401,
우진자동차공업사,3,광주광역시 광산구 어등대로 643,35.1463754,126.7897774,
대인자동차공업사,3,광주광역시 광산구 동곡로 422,35.1201345,126.7805994,
코리아자동차공업사,3,광주광역시 광산구 산정공원로93번길 12,35.1760832,126.805991,
영진자동차공업사,3,광주광역시 광산구 송도로 121,35.1271063,126.7900077,
고진수카마스타부분정비공업사,3,,35.2097911,126.8390166,
매일자동차공업사,3,광주광역시 광산구 상무대로 409,35.1445631,126.8106655,
광주자동차공업사,3,광주광역시 광산구 송도로 254,35.1362032,126.798366,
정우자동차공업사,3,,35.1582366,126.8115421,
월곡자동차공업사,3,광주광역시 광산구 월곡로 41,35.1688934,126.8136483,
신한자동차공업사,3,광주광역시 광산구 상무대로 324,35.1434243,126.8012008,
신성부분정비,3,광주광역시 광산구 비아로45번길 8-6,35.2200284,126.8201431,
중앙자동차공업사,3,,35.1656504,126.6697818,
대흥카센타,3,광주광역시 광산구 월곡중앙로47번길 29,35.1705411,126.8097823,
석정카써비스,3,광주광역시 광산구 송도로 151,35.1284781,126.7919842,
산정3급부분정비공업사,3,광주광역시 광산구 목련로273번안길 19,35.178015,126.8237805,
형제공업사,3,광주광역시 광산구 우산로96번길 23,35.1553455,126.8108598,
기아카크리닉첨단점,3,광주광역시 광산구 첨단중앙로124번길 17,35.2166633,126.8431803,
그린부분정비공업사,3,광주광역시 광산구 사암로92번길 46,35.1523871,126.8097504,
금호토탈자동차공업사,3,광주광역시 광산구 용아로 352,35.1743817,126.8043692,
명문카센타,3,광주광역시 광산구 신가번영로24번길 6,35.1815442,126.8252118,
백우카부분정비공업사,3,광주광역시 광산구 산정공원로93번길 16,35.1760904,126.8058042,
형제부분정비공업사,3,광주광역시 광산구 산정공원로59번길 40,35.1730629,126.8040921,
공항자동차공업사,3,광주광역시 광산구 상무대로 357,35.1442898,126.8048753,
ET자동차공업사,3,광주광역시 광산구 상무대로133번길 10,35.1321022,126.7875309,
일신자동차공업사,3,,35.1692458,126.8100537,
하남부분자동차공업사,3,,35.1813526,126.803795,
황제카센타,3,광주광역시 광산구 사암로 94,35.152717,126.8075507,
남도카센타,3,광주광역시 광산구 소촌로 62,35.1499107,126.7935881,
화승모터스,3,광주광역시 광산구 목련로219번길 129,35.177425,126.8233609,
태영자동차공업사,3,광주광역시 광산구 첨단중앙로67번길 8-12,35.2120144,126.8424555,
전일자동차공업사,3,광주광역시 광산구 하남산단천변우로 28,35.2086608,126.8135424,
남정오토밋션,3,광주광역시 광산구 사암로 149,35.1577349,126.8072689,
벧엘오토부분정비공업사,3,광주광역시 광산구 첨단내촌로 19,35.2086692,126.8367043,
정자면크리닉,3,광주광역시 광산구 목련로397번안길 15,35.1833971,126.8322557,
SMCAUTO(신명오토),3,광주광역시 광산구 신가삼효로 2,35.1857556,126.8328697,
대성카마스터,3,광주광역시 광산구 송도로 173,35.1303763,126.7934264,
조은카센타,3,광주광역시 광산구 신도산길 15-6,35.1319669,126.7893214,
남동자동차공업사,3,광주광역시 광산구 남동길48번길 37,35.1302844,126.7905312,
뽀빠이카타운,3,광주광역시 광산구 사암로 369-1,35.1772264,126.8076649,
로얄카크리닉,3,광주광역시 광산구 사암로 849,35.2166291,126.8227954,
호반오토카클리닉,3,광주광역시 광산구 비아중앙로 45,35.2229948,126.8248674,
소촌점 현대자동차,3,광주광역시 광산구 소촌로 85,35.151768,126.7927266,
하남카센타,3,광주광역시 광산구 사암로 327,35.173506,126.808806,
SK네트웍스㈜,3,광주광역시 광산구 사암로 172,35.1600644,126.8085849,
BM카서비스,3,광주광역시 광산구 신가번영로24번길 46,35.1797449,126.8246339,
대성카부분정비,3,광주광역시 광산구 사암로95번길 11,35.1527622,126.8066192,
송정카클리닉,3,광주광역시 광산구 송도로 172,35.1297837,126.7936546,
하남디젤커먼레일,3,광주광역시 광산구 동곡로 675-11,35.1414054,126.7750808,
서부자동차공업사,3,,35.1532245,126.8069067,
삼력카크리닉,3,,35.1839983,126.7969821,
우리카서비스정비,3,광주광역시 광산구 목련로 229,35.1727387,126.8225173,
아성종합카센타,3,광주광역시 광산구 임곡로 637,35.2174079,126.8002128,
카랜드부분정비공업사,3,광주광역시 광산구 임방울대로 838,35.2172881,126.8501022,
유성카맨샵,3,광주광역시 광산구 송촌길 14-10,35.1378899,126.7750677,
현대카센타,3,광주광역시 광산구 비아안길 75-9,35.2215611,126.8201758,
스피드메이트한백점,3,광주광역시 광산구 첨단과기로 53,35.2222008,126.8322383,
아주카센타,3,광주광역시 광산구 사암로 299,35.171128,126.8089724,
에이스카서비스,3,광주광역시 광산구 장신로266번길 7,35.1901802,126.8393176,
해피자동차공업사,3,광주광역시 광산구 우산로 72,35.1568143,126.8080616,
영승카,3,광주광역시 광산구 상무대로 286,35.143042,126.7971816,
선명공업사,3,광주광역시 광산구 고봉로 137,35.183713,126.7936816,
백산카공업사,3,광주광역시 광산구 송도로 268,35.1372385,126.7991408,
광송카서비스,3,광주광역시 광산구 광산로67번길 51,35.1425674,126.7965487,
매일카서비스,3,광주광역시 광산구 용아로 657,35.2020254,126.8042387,
서강카클리닉,3,광주광역시 광산구 신가로 8,35.1796467,126.8275227,
우산카부분정비,3,광주광역시 광산구 우산로 107,35.1564838,126.8120395,
신가카클리닉,3,광주광역시 광산구 목련로 315,35.1776589,126.8288906,
효창카센타,3,광주광역시 광산구 사암로 788,35.2128296,126.8186108,
황룡카센타,3,광주광역시 광산구 상무대로 276,35.142574,126.796352,
이범카센타,3,광주광역시 광산구 북문대로 575,35.2039509,126.8372108,
고가카센타,3,,35.1493425,126.7917418,
호남자동차공업사,3,광주광역시 광산구 송도로 167,35.1295315,126.7927696,
신촌카크리닉,3,광주광역시 광산구 사암로 116,35.1545753,126.8076991,
카리젠카서비스,3,광주광역시 광산구 임곡로 810,35.2189295,126.8183686,
모양카클리닉,3,광주광역시 광산구 사암로 94,35.152717,126.8075507,
동양카인테리어,3,광주광역시 광산구 사암로 361,35.1765989,126.8080144,
금정남강부분정비공업사,3,광주광역시 광산구 북문대로 363-16,35.1896892,126.8521162,
진솔모터스,3,광주광역시 광산구 목련로 371,35.1816735,126.8320498,
샤인카랜드,3,광주광역시 광산구 목련로 63,35.1725923,126.8048125,
뉴송정자동차서비스,3,광주광역시 광산구 동곡로 356,35.1140942,126.7804919,
신창해븐카클리닉,3,광주광역시 광산구 장신로 326,35.1928154,126.8453083,
금호자동차,3,광주광역시 광산구 어등대로647번길 17,35.1455742,126.7916878,
월드카센타,3,광주광역시 광산구 상무대로 341,35.1440836,126.8031554,
경도카클리닉,3,광주광역시 광산구 평동산단로 209,35.1254569,126.7676508,
로얄자동차공업사,3,광주광역시 광산구 소촌로 138,35.1566958,126.7924562,
T'station수완점,3,광주광역시 광산구 수완로74번길 1,35.1918764,126.8291917,
만민카서비스,3,광주광역시 광산구 임방울대로826번길 80,35.213854,126.8482176,
SK네트웍스,3,광주광역시 광산구 첨단과기로 51,35.2219266,126.8318358,
해남카클리닉,3,광주광역시 광산구 하남대로 338,35.1784323,126.8305701,
상신카센타,3,광주광역시 광산구 동곡로 586,35.1336395,126.7763602,
금성카센타,3,광주광역시 광산구 평동산단외로 257,35.1407025,126.7671029,
승윤모터스,3,광주광역시 광산구 우산로 58,35.1573974,126.8068677,
BDM,3,광주광역시 광산구 상무대로 487,35.1436352,126.819008,
남정오토,3,광주광역시 광산구 장덕로40번길 18,35.1942286,126.8134118,
고속타이어자동차공업사,3,광주광역시 광산구 산정공원로71번길 31,35.1737967,126.8044655,
최연카마스타,3,광주광역시 광산구 신창로106번길 8-12,35.194188,126.8380417,
선진부분정비,3,광주광역시 광산구 사암로 724,35.2072618,126.8161106,
삼성카랜드,3,광주광역시 광산구 목련로 246,35.1728533,126.8241074,
광도,3,광주광역시 광산구 손재로 173,35.1808124,126.7947675,
극동타이어 부분자동차공업사,3,광주광역시 광산구 사암로 764-9,35.2109762,126.8180336,
옥동카센타,3,광주광역시 광산구 평동로 737,35.1264926,126.7552157,
유성카맨샵,3,광주광역시 광산구 송촌길 14-10,35.1379619,126.7750556,
현 자동차 써비스,3,광주광역시 광산구 신창로106번길 8-3,35.1944261,126.8384227,
명품카서비스,3,광주광역시 광산구 남동길48번길 37,35.1302935,126.7905421,
코리아 카,3,광주광역시 광산구 송정로30번길 22,35.1354597,126.7933844,
77카 오토샵,3,광주광역시 광산구 우산로 73,35.1571516,126.8084518,
동현카센타,3,광주광역시 광산구 평동로 737,35.1264926,126.7552157,
yes 카 서비스,3,광주광역시 광산구 산정공원로82번길 9-1,35.1749352,126.8074898,
푸른자동차공업사,3,광주광역시 광산구 송도로 186,35.1309189,126.7945047,
비아점 현대자동차,3,광주광역시 광산구 비아동원촌길 83,35.221593,126.8290286,
파이널모터스,3,광주광역시 광산구 우산로 72,35.1568143,126.8080616,
중흥카서비스,3,광주광역시 광산구 비아안길 37-10,35.2212904,126.8183014,
ET자동차공업사,3,광주광역시 광산구 상무대로133번길 10,35.1321022,126.7875309,
서울자동차공업사,3,광주광역시 광산구 사암로 75-1,35.1510978,126.8069707,
대건카부분정비,3,광주광역시 광산구 금봉로 61,35.151911,126.8053345,
에이스 카 써비스,3,광주광역시 광산구 수완로11번길 15,35.1861208,126.8277591,
동현카센타,3,광주광역시 광산구 임방울대로 611-8,35.2127052,126.8271354,
오토오아시스 수완셀프점,3,광주광역시 광산구 장신로 152,35.1903467,126.8266662,
GS넥스테이션㈜오토오아시스 운남대교점,3,,35.1624653,126.8190432,
비아 IC 카클리닉,3,광주광역시 광산구 사암로 896,35.2193156,126.826557,
SNP모터스,3,광주광역시 광산구 용아로399번길 79,35.1769608,126.8017515,
프로 카 모터스,3,광주광역시 광산구 용아로379번길 38,35.1769729,126.8020697,
형제카센타,3,광주광역시 광산구 사암로118번길 55,35.1548912,126.8104932,
호남카프로,3,광주광역시 광산구 목련로 371,35.1816464,126.8320502,
문서기정비샵,3,광주광역시 광산구 송도로 151,35.1284781,126.7919842,
중앙카서비스,3,광주광역시 광산구 장덕로39번길 14,35.1957315,126.8140818,
불만제로카클리닉,3,광주광역시 광산구 목련로273번길 5-1,35.174516,126.8263997,
홍춘이가차고치는집,3,광주광역시 광산구 우산로 79,35.1569505,126.8090803,
진호모터스,3,광주광역시 광산구 하남산단1번로 108,35.1845968,126.8064593,
진모터스,3,광주광역시 광산구 우산로 73,35.1571516,126.8084518,
운수모터스,3,광주광역시 광산구 동곡로 843,35.1559767,126.7800648,
탑모터스,3,광주광역시 광산구 사암로 672,35.2036812,126.8122091,
로얄카센타,3,광주광역시 광산구 소촌로 138,35.1566958,126.7924562,
SNP모터스,3,광주광역시 광산구 풍영철길로 159,35.1721338,126.8224162,
하남기아밧데리,3,광주광역시 광산구 왕버들로 25,35.2026483,126.813498,
가람모터스,3,광주광역시 광산구 왕버들로 181,35.2003951,126.8302005,
월드전장,3,광주광역시 광산구 동곡로 843,35.1559767,126.7800648,
이한모터서비스(주),3,광주광역시 광산구 어등대로 605,35.1494873,126.7890948,
운남카센타,3,광주광역시 광산구 임방울대로 14,35.1624197,126.818989,
신성자동차(주),3,광주광역시 광산구 임방울대로 520,35.205149,126.8212808,
지니카클리닉,3,광주광역시 광산구 광산로67번길 47,35.142416,126.7967823,
화승모터스,3,광주광역시 광산구 목련로219번길 129,35.177425,126.8233609,
대동카센타,3,광주광역시 광산구 북문대로420번길 147,35.1922476,126.8557696,
동현카센타,3,광주광역시 광산구 남동길48번길 37,35.1302935,126.7905421,
태경카서비스,3,광주광역시 광산구 손재로 173,35.1808124,126.7947675,
대성보링공업사,4,광주광역시 광산구 임방울대로 600-1,35.210573,126.8275505,
르노 삼성자동차 지정정비코너 신촌점,4,광주광역시 광산구 사암로 122,35.1551961,126.8075803,
대인보링공업사,4,광주광역시 광산구 사암로 764-48,35.2110472,126.8197678,